Post,Date,Artist,Song Name,Korean Name,Director,Video,Type,Release,Post.1,Date.1,Artist.1,Song Name.1,Korean Name.1,Director.1,Video.1,Type.1,Release.1,Year
,2014-01-02,Girl's Day,Something,썸씽,,Youtube,Girl,Major,,,,,,,,,,2014
,2014-07-13,Girl's Day,Darling,달링,,Youtube,Girl,Major,,,,,,,,,,2014
,2014-10-14,Girl's Day,I Miss You,보고싶어,Lim Sungwan,Youtube,Girl,Minor,,,,,,,,,,2014
Post,2014-02-11,BTS,Boy In Luv,상남자,Lumpens,Youtube,Boy,Major,,,,,,,,,,2014
,2014-04-06,BTS,Just One Day,하루만,Lumpens,Youtube,Boy,Major,,,,,,,,,,2014
Post,2014-08-19,BTS,Danger,댄저,Lumpens,Youtube,Boy,Major,,,,,,,,,,2014
Post,2014-10-21,BTS,War of Hormone,호르몬 전쟁,,Youtube,Boy,Major,,,,,,,,,,2014
,2014-01-15,AOA,Miniskirt,짧은 치마,,Youtube,Girl,Major,,,,,,,,,,2014
,2014-06-18,AOA,Short Hair,단발머리,,Youtube,Girl,Major,,,,,,,,,,2014
Post,2014-11-10,AOA,Like a Cat,사뿐사뿐,,Youtube,Girl,Major,,,,,,,,,,2014
,2014-01-12,Apink,Goodmorning Baby,굿모닝베이비,,Youtube,Girl,Major,,,,,,,,,,2014
Post,2014-03-30,Apink,Mr. Chu,미스터 츄,Digipedi,Youtube,Girl,Major,,,,,,,,,,2014
,2014-06-15,Apink,Crystal,크리스탈,,Youtube,Girl,Minor,,,,,,,,,,2014
,2014-11-23,Apink,LUV,러브,ZANYBROS,Youtube,Girl,Major,,,,,,,,,,2014
,2014-11-09,Lovelyz,Good Night Like Yesterday,어제처럼 굿나잇,Digipedi,Youtube,Girl,Minor,,,,,,,,,,2014
,2014-11-16,Lovelyz,Candy Jelly Love,캔디 젤리 러브,Digipedi,Youtube,Girl,Major,,,,,,,,,,2014
Post,2014-02-02,B.A.P,1004(Angel),1004(천사),ZANYBROS,Youtube,Boy,Major,,,,,,,,,,2014
,2014-06-02,B.A.P,Where Are You?,어디니? 뭐하니?,ZANYBROS,Youtube,Boy,Minor,,,,,,,,,,2014
,2014-08-27,LABOUM,Pit-a-pat,두근두근,,Youtube,Girl,Major,,,,,,,,,,2014
,2014-10-30,LABOUM,What About You,어떡할래,,Youtube,Girl,Major,,,,,,,,,,2014
Post,2014-01-12,B1A4,Lonely,없구나,Tiger Cave,Youtube,Boy,Major,,,,,,,,,,2014
,2014-07-13,B1A4,Solo Day,솔로데이,Sunny Visual,Youtube,Boy,Major,,,,,,,,,,2014
Post,2014-05-26,VIXX,ETERNITY,기적,ZANYBROS,Youtube,Boy,Major,,,,,,,,,,2014
Post,2014-10-13,VIXX,Error,에러,ZANYBROS,Youtube,Boy,Major,,,,,,,,,,2014
,2014-02-27,BESTie,Thank U Very Much,땡큐 베리 머치,ZANYBROS,Youtube,Girl,Major,,,,,,,,,,2014
,2014-07-10,BESTie,Like a Star,별처럼,,Youtube,Girl,Minor,,,,,,,,,,2014
,2014-07-27,BESTie,Hot Baby,핫 베이비,,Youtube,Girl,Major,,,,,,,,,,2014
Post,2014-12-28,Sonamoo,Deja vu,데자뷰,ZANYBROS,Youtube,Girl,Major,,,,,,,,,,2014
,2014-02-25,Girls' Generation,Mr.Mr,미스터미스터,Kim Beomchul,Youtube,Girl,Major,,,,,,,,,,2014
,2014-08-11,WINNER,empty,공허해,Seo Hyunseung,Youtube,Boy,Major,,,,,,,,,,2014
,2014-08-11,WINNER,Color Ring,컬러링,Dee Shin,Youtube,Boy,Major,,,,,,,,,,2014
,2014-08-30,WINNER,I'm Him (Mino Solo),걔 세,FantazyLab,Youtube,Boy,Major,,,,,,,,,,2014
,2014-08-03,Red Velvet,Happiness,행복,Woogie Kim,Youtube,Girl,Major,,,,,,,,,,2014
,2014-10-09,Red Velvet,Be Natural,비내츄럴,Kwon Soonwook,Youtube,Girl,Major,,,,,,,,,,2014
,2014-01-07,Dal Shabet,B.B.B,비비비,Dari Cho (FPK),Youtube,Girl,Major,,,,,,,,,,2014
,2014-06-11,Tahiti,Oppa You're Mine,오빤내꺼,,Youtube,Girl,Major,,,,,,,,,,2014
,2014-04-07,AKMU,200%,이백퍼센트,,Youtube,Co-ed,Major,,,,,,,,,,2014
,2014-05-01,AKMU,Give Love,기브 러브,,Youtube,Co-ed,Major,,,,,,,,,,2014
,2014-04-14,AKMU,Melted,얼음들,Dee Shin,Youtube,Co-ed,Major,,,,,,,,,,2014
,2014-02-11,Stellar,Marionette,마리오네트,,Youtube,Girl,Major,,,,,,,,,,2014
,2014-08-20,Stellar,Mask,마스크,,Youtube,Girl,Major,,,,,,,,,,2014
,2014-09-14,Teen Top,Missing,쉽지않아,,Youtube,Boy,Major,,,,,,,,,,2014
,2014-11-09,Teen Top,I'm Sorry,우린 문제 없어,,Youtube,Boy,Major,,,,,,,,,,2014
,2014-05-06,EXO,Overdose,중독,ZANYBROS,Youtube,Boy,Major,,,,,,,,,,2014
,2014-09-18,Minx,Why Did You Come To My Home?,우리 집에 왜 왔니?,August Frogs,Youtube,Girl,Major,,,,,,,,,,2014
,2014-11-05,Hello Venus,Sticky Sticky,끈적끈적,,Youtube,Girl,Major,,,,,,,,,,2014
,2014-08-17,KARA,Mamma Mia,맘마미아,,Youtube,Girl,Major,,,,,,,,,,2014
,2014-07-02,f(x),Red Light,레드 라이트,,Youtube,Girl,Major,,,,,,,,,,2014
,2014-08-10,SECRET,I'm In Love,아임 인 러브,ZANYBROS,Youtube,Girl,Major,,,,,,,,,,2014
,2014-05-11,Jun Hyoseong,Good-night Kiss,굿나잇 키스,ZANYBROS,Youtube,Girl Solo,Major,,,,,,,,,,2014
,2014-07-03,Song Jieun,False Hope,희망고문,ZANYBROS,Youtube,Girl Solo,Major,,,,,,,,,,2014
,2014-09-23,Song Jieun,Don't Look at me Like That,쳐다보지마,ZANYBROS,Youtube,Girl Solo,Minor,,,,,,,,,,2014
,2014-10-13,Song Jieun,Twenty-Five,예쁜 나이 25살,ZANYBROS,Youtube,Girl Solo,Major,,,,,,,,,,2014
,2014-08-15,Taemin,Danger,괴도,Woogie Kim,Youtube,Boy Solo,Major,,,,,,,,,,2014
,2014-04-14,Block B,Jackpot,잭팟,,Youtube,Boy,Major,,,,,,,,,,2014
,2014-07-23,Block B,HER,헐,Tiger Cave,Youtube,Boy,Major,,,,,,,,,,2014
,2014-07-26,CROSS GENE,Shooting Star,슈팅스타,,Youtube,Boy,Minor,,,,,,,,,,2014
,2014-07-08,CROSS GENE,Amazing - Bad Lady -,어메이징 배드 레이디,,Youtube,Boy,Major,,,,,,,,,,2014
,2014-07-10,CROSS GENE,BILLION DOLLA,빌리언달러,Teppei Nakamura,Youtube,Boy,Japanese,,,,,,,,,,2014
,2014-11-09,CROSS GENE,"I'm Not a Boy, Not Yet a Man",어려도 남자야,,Youtube,Boy,Major,,,,,,,,,,2014
,2014-06-09,Beast,No More,이젠 아니야,Tiger Cave,Youtube,Boy,Minor,,,,,,,,,,2014
,2014-06-15,Beast,Good Luck,굿 럭,Tiger Cave,Youtube,Boy,Major,,,,,,,,,,2014
,2014-10-19,Beast,12:30,12시 30분,Tiger Cave,Youtube,Boy,Major,,,,,,,,,,2014
,2014-10-10,T-ara,Number Nine,넘버나인,ZANYBROS,Youtube,Girl,Major,,,,,,,,,,2014
,2014-10-10,T-ara,Because I Know,느낌아니까,ZANYBROS,Youtube,Girl,Minor,,,,,,,,,,2014
,2014-09-11,T-ara,SUGAR FREE,슈가프리,ZANYBROS,Youtube,Girl,Major,,,,,,,,,,2014
,2014-05-20,Infinite,Last Romeo,라스트 로미오,,Youtube,Boy,Major,,,,,,,,,,2014
,2014-07-20,Infinite,Back,백,,Youtube,Boy,Major,,,,,,,,,,2014
,2014-11-30,Infinite F,Heartthrob,가슴이 뛴다,Dari Cho (FPK),Youtube,Boy,Major,,,,,,,,,,2014
,2014-06-22,HISTORY,Psycho,싸이코,,Youtube,Boy,Major,,,,,,,,,,2014
,2014-03-16,100%,Beat,심장이 뛴다,,Youtube,Boy,Major,,,,,,,,,,2014
,2014-04-27,100%,Phone,전화,,Youtube,Boy,Minor,,,,,,,,,,2014
,2014-07-07,100%,U Beauty,니가 예쁘다,,Youtube,Boy,Major,,,,,,,,,,2014
,2014-08-28,100%,Summer Hero,썸머 히어로,,Youtube,Boy,Major,,,,,,,,,,2014
,2014-01-14,GOT7,Girls Girls Girls,걸스걸스걸스,Naive,Youtube,Boy,Major,,,,,,,,,,2014
,2014-06-22,GOT7,A,에이,Naive,Youtube,Boy,Major,,,,,,,,,,2014
,2014-11-16,GOT7,Stop Stop It,하지하지마,Naive,Youtube,Boy,Major,,,,,,,,,,2014
,2014-02-16,BtoB,Beep Beep,뛰뛰빵빵,ZANYBROS,Youtube,Boy,Major,,,,,,,,,,2014
,2014-09-28,BtoB,You're So Fly,넌 감동이야,ZANYBROS,Youtube,Boy,Major,,,,,,,,,,2014
,2014-12-04,BtoB,You Can Cry,울어도 돼,,Youtube,Boy,Minor,,,,,,,,,,2014
,2014-12-21,BtoB,The Winter's Tale,울면 안 돼,,Youtube,Boy,Major,,,,,,,,,,2014
Post,2014-06-17,Mamamoo,Mr. Ambiguous,Mr. 애매모호,Min Oh,Youtube,Girl,Major,,,,,,,,,,2014
Post,2014-11-20,Mamamoo,Piano Man,피아노 맨,Kwon Soonwook,Youtube,Girl,Major,,,,,,,,,,2014
,2014-08-26,EXID,Up&Down,위아래,Digipedi,Youtube,Girl,Major,,,,,,,,,,2014
,2014-08-28,Super Junior,Mamacita,마마시타 (아야야),,Youtube,Boy,Major,,,,,,,,,,2014
,2014-10-22,Super Junior,This Is Love,디스이즈러브,,Youtube,Boy,Major,,,,,,,,,,2014
,2014-10-27,Super Junior,Evanesce,백일몽,,Youtube,Boy,Minor,,,,,,,,,,2014
,2014-05-25,15&,Sugar,슈가,,Youtube,Girl,Major,,,,,,,,,,2014
,2014-08-25,4Ten,Tornado,토네이도,,Youtube,Girl,Major,,,,,,,,,,2014
,2014-10-26,2AM,Days Like Today,오늘따라,,Youtube,Boy,Major,,,,,,,,,,2014
,2014-10-29,2AM,Over The Destiny,나타나 주라,,Youtube,Boy,Major,,,,,,,,,,2014
,2014-03-02,2NE1,Happy,해피,Han Samin,Youtube,Girl,Major,,,,,,,,,,2014
,2014-03-02,2NE1,Come Back Home,컴백홈,Dee Shin,Youtube,Girl,Major,,,,,,,,,,2014
,2014-05-20,2NE1,Gotta Be You,너 아님 안,Han Samin,Youtube,Girl,Major,,,,,,,,,,2014
,2014-06-25,2NE1,Crush,,Seo Hyunseung,Youtube,Girl,Japanese,,,,,,,,,,2014
,2014-09-09,2PM,Go Crazy!,미친거 아니야?,,Youtube,Boy,Major,,,,,,,,,,2014
,2014-03-16,4Minute,Whatcha Doin' Today?,오늘 뭐해,ZANYBROS,Youtube,Girl,Major,,,,,,,,,,2014
,2014-04-11,2000won,I Hate Seoul,서울이 싫어졌어,,Youtube,Boy,Major,,,,,,,,,,2014
,2014-12-03,A-Daily,If You Don't Tell Me,말을 해야 알지,,Youtube,Girl,Major,,,,,,,,,,2014
,2014-08-11,B.A.P,Excuse Me,익스큐즈미,,Youtube,Boy,Japanese,,,,,,,,,,2014
,2014-07-08,B.I.G,Hello,안녕하세요,,Youtube,Boy,Major,,,,,,,,,,2014
,2014-10-20,B.I.G,Are You Ready?,준비됐나요,,Youtube,Boy,Major,,,,,,,,,,2014
,2014-11-17,5URPRISE,From My Heart,프롬 마이 하트,,Youtube,Boy,Major,,,,,,,,,,2014
,2014-08-01,4L,Move,무브,,Youtube,Girl,Major,,,,,,,,,,2014
,2014-03-02,1PS,Because I'm your girl,여자이니까,,Youtube,Girl,Major,,,,,,,,,,2014
,2014-02-19,AlphaBAT,Always,올웨이즈,,Youtube,Boy,Minor,,,,,,,,,,2014
,2014-02-24,AlphaBAT,Tantara,딴따라,,Youtube,Boy,Major,,,,,,,,,,2014
,2014-08-21,AlphaBAT,Oh My Gosh!,답정너,,Youtube,Boy,Minor,,,,,,,,,,2014
,2014-10-15,AlphaBAT,#A-Ya,#아야,,Youtube,Boy,Minor,,,,,,,,,,2014
,2014-07-14,A.KOR,Payday,페이데이,,Youtube,Girl,Major,,,,,,,,,,2014
,2014-09-04,A.KOR,But Go,벗 고,,Youtube,Girl,Major,,,,,,,,,,2014
,2014-10-28,A.cian,Ouch,아우치,,Youtube,Boy,Major,,,,,,,,,,2014
,2014-01-14,A-PRINCE,Yes or No,예스 오어 노,,Youtube,Boy,Minor,,,,,,,,,,2014
,2014-01-25,A-PRINCE,Love Snow,사랑눈,,Youtube,Boy,Minor,,,,,,,,,,2014
,2014-03-27,A-PRINCE,Kiss Scene,키스할래요,,Youtube,Boy,Major,,,,,,,,,,2014
,2014-07-02,A-JAX,Vampire Flower,뱀파이어의 꽃,,Youtube,Boy,OST,,,,,,,,,,2014
,2014-04-04,AliceWhite,Baby Like That,빙빙빙,,Youtube,Girl,Major,,,,,,,,,,2014
,2014-05-20,Beast,Adrenaline,아드레날린,,Youtube,Boy,Japanese,,,,,,,,,,2014
,2014-10-23,Beast,How are you?,キミはどう？,,Youtube,Boy,Japanese,,,,,,,,,,2014
,2014-01-05,BEATWIN,She's My Girl,갖고싶니,,Youtube,Boy,Major,,,,,,,,,,2014
,2014-09-26,BEATWIN,Illusion,일루션,,Youtube,Boy,Major,,,,,,,,,,2014
,2014-05-21,Berry Good,Love Letter,러브레터,,Youtube,Girl,Major,,,,,,,,,,2014
,2014-08-19,Big Byung,Stress Come On,스트레스 컴온!,,Youtube,Boy,Special,,,,,,,,,,2014
,2014-11-20,GD X TAEYANG,Good Boy,굿보이,,Youtube,Boy,Major,,,,,,,,,,2014
,2014-06-22,BIGFLO,Delilah,딜라일라,ZANYBROS,Youtube,Boy,Major,,,,,,,,,,2014
,2014-11-24,BIGFLO,BAD MAMA JAMA,배드마마자마,,Youtube,Boy,Major,,,,,,,,,,2014
,2014-04-01,Billionaire,That Night,그날밤에,,Youtube,Boy,Major,,,,,,,,,,2014
,2014-07-23,Blast,Git It Girl,기릿걸,,Youtube,Boy,,,,,,,,,,,2014
,2014-06-09,Bob Girls,No Way,노웨이,,Youtube,Girl,Major,,,,,,,,,,2014
,2014-05-14,BTL,Too-G,투지,,Youtube,Boy,Major,,,,,,,,,,2014
,2014-02-19,Boys Republic,Video Game,비디오게임,Digipedi,Youtube,Boy,Major,,,,,,,,,,2014
,2014-07-21,Boys Republic,Dress Up,예쁘게 입고 나와,,Youtube,Boy,Major,,,,,,,,,,2014
,2014-11-11,Boys Republic,The Real One,진짜가 나타났다,,Youtube,Boy,Major,,,,,,,,,,2014
,2014-11-02,Boyfriend,White Out,화이트 아웃,,Youtube,Boy,Minor,,,,,,,,,,2014
,2014-10-12,Boyfriend,Witch,위치,,Youtube,Boy,Major,,,,,,,,,,2014
,2014-07-21,Boyfriend,Here!,,,Youtube,Boy,Japanese,,,,,,,,,,2014
,2014-06-10,Boyfriend,Alarm,알람,,Youtube,Boy,Minor,,,,,,,,,,2014
,2014-06-04,Boyfriend,Obsession,너란 여자,,Youtube,Boy,Major,,,,,,,,,,2014
,2014-05-26,Boyfriend,Startup!,スタートアップ！,,Youtube,Boy,Japanese,,,,,,,,,,2014
,2014-03-24,Boyfriend,My Avatar,,,Youtube,Boy,Japanese,,,,,,,,,,2014
,2014-02-12,C-Clown,Justice,암행어사,,Youtube,Boy,Major,,,,,,,,,,2014
,2014-07-07,C-Clown,Let's Love,나랑만나,,Youtube,Boy,Major,,,,,,,,,,2014
,2014-03-31,Crayon Pop,Uh-ee,어이,,Youtube,Girl,Major,,,,,,,,,,2014
,2014-07-13,Crayon Pop,Hey Mister,헤이 미스터,,Youtube,Girl,Major,,,,,,,,,,2014
,2014-02-23,CNBLUE,Can't Stop,캔트스톱,,Youtube,Boy,Major,,,,,,,,,,2014
,2014-04-04,CNBLUE,Truth,,,Youtube,Boy,Japanese,,,,,,,,,,2014
,2014-04-15,CNBLUE,Still,,,Youtube,Boy,Japanese,,,,,,,,,,2014
,2014-07-30,CNBLUE,Go Your Way,,,Youtube,Boy,Japanese,,,,,,,,,,2014
,2014-08-27,CNBLUE,Radio,,,Youtube,Boy,Japanese,,,,,,,,,,2014
,2014-10-24,D.Holic,I Don’t Know,몰라요,,Youtube,Girl,Major,,,,,,,,,,2014
,2014-10-24,D.Holic,Without You,,,Youtube,Girl,Major,,,,,,,,,,2014
,2014-07-21,Delight,Hate You!,내가 없냐!,,Youtube,Girl,Major,,,,,,,,,,2014
,2014-07-08,Evening,Always A Child,언제나 어린애,,Youtube,Co-ed,Major,,,,,,,,,,2014
,2014-07-01,Fiestar,One More,하나 더,,Youtube,Girl,Major,,,,,,,,,,2014
,2014-01-14,Flashe,"Oh, Ye, Yo",오예요,,Youtube,Girl,Major,,,,,,,,,,2014
,2014-05-19,Flashe,Hey You,헤이 유,,Youtube,Girl,Major,,,,,,,,,,2014
,2014-01-15,FTISLAND,Beautiful,,,Youtube,Boy,Japanese,,,,,,,,,,2014
,2014-03-16,FTISLAND,Uncharted Future,未体験Future,,Youtube,Boy,Japanese,,,,,,,,,,2014
,2014-05-08,FTISLAND,Be Free,,,Youtube,Boy,Japanese,,,,,,,,,,2014
,2014-09-30,FTISLAND,To The Light,,,Youtube,Boy,Japanese,,,,,,,,,,2014
,2014-06-30,g.o.d,Sky Blue Promise,하늘색 약속,,Youtube,Boy,Major,,,,,,,,,,2014
,2014-07-08,g.o.d,Saturday Night,,,Youtube,Boy,Major,,,,,,,,,,2014
,2014-07-10,g.o.d,The Story of Our Lives,우리가 사는 이야기,,Youtube,Boy,Major,,,,,,,,,,2014
,2014-10-22,g.o.d,Wind,바람,,Youtube,Boy,Major,,,,,,,,,,2014
,2014-03-25,Gavy NJ,How Are You?,별일없니?,,Youtube,Girl,Major,,,,,,,,,,2014
,2014-10-06,Gavy NJ,I Wish,좋겠다,,Youtube,Girl,Major,,,,,,,,,,2014
,2014-08-01,Girls' Generation,Indestructible,,,Youtube,Girl,Japanese,,,,,,,,,,2014
,2014-10-14,Girls' Generation,Divine,,,Youtube,Girl,Japanese,,,,,,,,,,2014
,2014-09-30,GOT7,Around The World,,,Youtube,Boy,Japanese,,,,,,,,,,2014
,2014-02-06,GP Basic,Pika-Burnjuck,삐까뻔쩍,,Youtube,Girl,Major,,,,,,,,,,2014
,2014-06-25,HALO,Fever,체온이 뜨거워,,Youtube,Boy,Major,,,,,,,,,,2014
,2014-11-19,HALO,Come On Now,어서 이리온now,,Youtube,Boy,Major,,,,,,,,,,2014
,2014-08-26,High4,Headache,뱅뱅뱅,,Youtube,Boy,Major,,,,,,,,,,2014
,2014-04-07,"High4, IU","Not Spring, Love, or Cherry Blossoms","봄,사랑,벚꽃 말고",,Youtube,Boy,Major,,,,,,,,,,2014
,2014-07-28,"High4, Lim Kim",A Little Close,해요 말고 해,,Youtube,Boy,Major,,,,,,,,,,2014
,2014-10-28,Hotshot,Take A Shot,테이크 어 샷,,Youtube,Boy,Major,,,,,,,,,,2014
,2014-03-23,JJCC,At First,첨엔 다 그래,,Youtube,Boy,Major,,,,,,,,,,2014
,2014-08-20,JJCC,Bing Bing Bing,빙빙빙,,Youtube,Boy,Major,,,,,,,,,,2014
,2014-07-28,JYJ,Back Seat,,,Youtube,Boy,Major,,,,,,,,,,2014
,2014-02-26,K-Girls,Not Bad,,,Youtube,Girl,Major,,,,,,,,,,2014
,2014-01-06,K-Much,Good To Go,뭣모르고,,Youtube,Boy,Major,,,,,,,,,,2014
,2014-02-12,Ladies' Code,So Wonderful,쏘 원더풀,,Youtube,Girl,Major,,,,,,,,,,2014
,2014-08-06,Ladies' Code,Kiss Kiss,키스 키스,,Youtube,Girl,Major,,,,,,,,,,2014
,2014-09-15,Ladies' Code,I'm Fine Thank You,,,Youtube,Girl,Minor,,,,,,,,,,2014
,2014-07-28,LC9,East of Eden,에덴의 동쪽,,Youtube,Boy,Minor,,,,,,,,,,2014
,2014-02-03,Lip Service,Yum Yum Yum,냠냠냠,,Youtube,Girl,Major,,,,,,,,,,2014
,2014-08-20,Lip Service,Too Fancy,돈비싸,,Youtube,Girl,Major,,,,,,,,,,2014
,2014-07-04,LU:KUS,So Into U,기가막혀,,Youtube,Boy,Major,,,,,,,,,,2014
,2014-07-16,Lucky J,Can You Hear Me,들리니,,Youtube,Co-ed,Major,,,,,,,,,,2014
,2014-12-03,Luluz,How About Me?,넌 나 어때?,,Youtube,Girl,Major,,,,,,,,,,2014
,2014-03-30,M.I.B,Chisa'Bounce,치사BOUNCE,,Youtube,Boy,Major,,,,,,,,,,2014
,2014-10-05,Madtown,YOLO,욜로,,Youtube,Boy,Major,,,,,,,,,,2014
,2014-01-08,"Mamamoo, Bumkey",Don't Be Happy,행복하지마,,Youtube,Girl,Minor,,,,,,,,,,2014
,2014-02-10,"Mamamoo, K.will",Peppermint Chocolate (feat. Wheesung),썸남썸녀,,Youtube,Girl,Minor,,,,,,,,,,2014
,2014-03-23,MBLAQ,Be A Man,남자답게,,Youtube,Boy,Major,,,,,,,,,,2014
,2014-02-24,MelodyDay,Another Parting,어떤 안녕,,Youtube,Girl,Major,,,,,,,,,,2014
,2014-12-11,MelodyDay,Anxious,겁나,,Youtube,Girl,Minor,,,,,,,,,,2014
,2014-05-06,Mr.Mr,It's You,,,Youtube,Boy,Major,,,,,,,,,,2014
,2014-05-15,Mr.Mr,Big Man,빅 맨,,Youtube,Boy,Major,,,,,,,,,,2014
,2014-01-19,Myname,F.F.Y.,,,Youtube,Boy,Japanese,,,,,,,,,,2014
,2014-01-02,VIXX,Thank you for my love,태어나줘서 고마워,,Youtube,Boy,Minor,,,,,,,,,,2014
,2014-05-28,N-Sonic,Crazy,미치겠네,,Youtube,Boy,Major,,,,,,,,,,2014
,2014-06-08,N-Sonic,Pop Beyond,빠삐용,,Youtube,Boy,Major,,,,,,,,,,2014
,2014-09-15,N*White,Hello Boy,동화,,Youtube,Girl,Major,,,,,,,,,,2014
,2014-07-08,NU'EST,Good Bye Bye,굿 바이 바이,ZANYBROS,Youtube,Boy,Major,,,,,,,,,,2014
,2014-07-28,NU'EST,Storybook,,,Youtube,Boy,Minor,,,,,,,,,,2014
,2014-10-10,NU'EST,Shalala Ring,,,Youtube,Boy,Japanese,,,,,,,,,,2014
,2014-03-11,Orange Caramel,Catallena,까탈레나,,Youtube,Girl,Major,,,,,,,,,,2014
,2014-05-19,Orange Caramel,Abing Abing,아빙아빙,,Youtube,Girl,Major,,,,,,,,,,2014
,2014-08-17,Orange Caramel,My Copycat,나처럼 해봐요,,Youtube,Girl,Major,,,,,,,,,,2014
,2014-09-02,Orange Caramel,The Gangnam Avenue,강남거리,,Youtube,Girl,Minor,,,,,,,,,,2014
,2014-01-19,Rainbow Blaxx,Cha Cha,차차,,Youtube,Girl,Major,,,,,,,,,,2014
,2014-05-29,SHINee,Lucky Star,,,Youtube,Boy,Japanese,,,,,,,,,,2014
,2014-07-20,SISTAR,Touch My Body,터치 마이 바디,,Youtube,Girl,Major,,,,,,,,,,2014
,2014-08-25,SISTAR,I Swear,아이 스웨어,,Youtube,Girl,Major,,,,,,,,,,2014
,2014-02-17,Speed,Why I'm Not?,왜 난꼭,,Youtube,Boy,Major,,,,,,,,,,2014
,2014-02-17,Speed,Don't Tease Me!,놀리러 간다,,Youtube,Boy,Major,,,,,,,,,,2014
,2014-03-17,Speed,Zombie Party,좀비파티,,Youtube,Boy,Major,,,,,,,,,,2014
,2014-04-02,Speed,Look At Me Now,룩 앳 미 나우,,Youtube,Boy,Major,,,,,,,,,,2014
,2014-01-26,Spica,You Don't Love Me,유 돈트 러브 미,,Youtube,Girl,Major,,,,,,,,,,2014
,2014-08-07,Spica,I Did It,,,Youtube,Girl,English,,,,,,,,,,2014
,2014-11-04,Spica,Ghost,고스트,,Youtube,Girl,Major,,,,,,,,,,2014
,2014-09-11,Spica.S,Give Your Love,남주긴 아까워?,,Youtube,Girl,Major,,,,,,,,,,2014
,2014-01-23,Sunny Hill,Don't say anything,아무말도 하지마요,,Youtube,Co-ed,Major,,,,,,,,,,2014
,2014-07-31,Sunny Hill,Once in Summer,그 해 여름,,Youtube,Girl,Major,,,,,,,,,,2014
,2014-08-20,Sunny Hill,Monday Blues,먼데이 블루스,,Youtube,Girl,Major,,,,,,,,,,2014
,2014-11-26,Sunny Hill,Here I Am,지우다,,Youtube,Girl,Major,,,,,,,,,,2014
,2014-03-30,Super Junior-M,Swing,,,Youtube,Boy,Major,,,,,,,,,,2014
,2014-05-12,T-ara,Lucky Wannabeee!,,,Youtube,Girl,Japanese,,,,,,,,,,2014
,2014-11-23,T-ara,Little Apple,,,Youtube,Girl,CF,,,,,,,,,,2014
,2014-12-10,Teen Top,Snow Kiss,눈사탕,,Youtube,Boy,Minor,,,,,,,,,,2014
,2014-07-08,The Legend,Left Out,미.남,,Youtube,Boy,Major,,,,,,,,,,2014
,2014-10-30,The Legend,Lost,로스트,,Youtube,Boy,Major,,,,,,,,,,2014
,2014-11-19,The Legend,I Wanna Know,,,Youtube,Boy,Major,,,,,,,,,,2014
,2014-01-02,The SeeYa,More & More,하면할수록,,Youtube,Girl,Major,,,,,,,,,,2014
,2014-01-20,The SeeYa,Tell Me,텔미,,Youtube,Girl,Major,,,,,,,,,,2014
,2014-12-28,The SeeYa,The Song of Love,사랑의 노래,,Youtube,Girl,Major,,,,,,,,,,2014
,2014-03-27,Tint,Wolf Is Stupid,늑대들은 몰라요,,Youtube,Girl,Major,,,,,,,,,,2014
,2014-07-02,Tiny-G,Ice Baby,아이스 베이비,,Youtube,Girl,Major,,,,,,,,,,2014
,2014-11-24,Tiny-G M,The Only One,,,Youtube,Girl,Major,,,,,,,,,,2014
,2014-03-10,Toheart,Delicious,,,Youtube,Boy,Major,,,,,,,,,,2014
,2014-04-06,Toheart,Tell Me Why,,,Youtube,Boy,Major,,,,,,,,,,2014
,2014-01-15,Topp Dogg,Open The Door,들어와,,Youtube,Boy,Major,,,,,,,,,,2014
,2014-02-12,Topp Dogg,Arario,아라리오,,Youtube,Boy,Major,,,,,,,,,,2014
,2014-06-08,Topp Dogg,Topdog,,,Youtube,Boy,Major,,,,,,,,,,2014
,2014-10-23,Topp Dogg,Annie,애니,,Youtube,Boy,Major,,,,,,,,,,2014
,2014-02-05,Touch,Kimi Ni ～Maybe I Fall In Love～,キミに ～Maybe I Fall In Love～,,Youtube,Boy,Japanese,,,,,,,,,,2014
,2014-08-25,Touch,Me,난,,Youtube,Boy,Major,,,,,,,,,,2014
,2014-01-01,TVXQ!,Something,,,Youtube,Boy,Major,,,,,,,,,,2014
,2014-02-26,TVXQ!,Spellbound,수리수리,,Youtube,Boy,Major,,,,,,,,,,2014
,2014-01-30,U-KISS,Break Up,,,Youtube,Boy,Japanese,,,,,,,,,,2014
,2014-06-01,U-KISS,Quit Playing,끼부리지마,,Youtube,Boy,Major,,,,,,,,,,2014
,2014-11-28,U-KISS,Sweetie,,,Youtube,Boy,Japanese,,,,,,,,,,2014
,2014-10-19,Uniq,Falling In Love,,,Youtube,Boy,Major,,,,,,,,,,2014
,2014-10-23,Uniq,Born To Fight,,,Youtube,Boy,OST,,,,,,,,,,2014
,2014-02-12,Vetty L,X Boy,독을품다,,Youtube,Girl,Major,,,,,,,,,,2014
,2014-12-03,Wanna.B,My Type,,,Youtube,Girl,Major,,,,,,,,,,2014
,2014-01-02,Wassup,Jingle Bell,징글벨,,Youtube,Girl,Major,,,,,,,,,,2014
,2014-06-09,Wassup,Fire,,,Youtube,Girl,Major,,,,,,,,,,2014
,2014-12-08,Wassup,Shut Up U,시끄러워U,,Youtube,Girl,Major,,,,,,,,,,2014
,2014-03-11,Wings,Hair Short,,,Youtube,Girl,Major,,,,,,,,,,2014
,2014-07-02,Wings,Blossom,꽃이 폈어요,,Youtube,Girl,Major,,,,,,,,,,2014
,2014-01-23,Year 7 Class 1,Oppa Virus,오빠 바이러스,,Youtube,Girl,Major,,,,,,,,,,2014
,2014-05-26,Year 7 Class 1,Always,,,Youtube,Girl,Major,,,,,,,,,,2014
,2014-11-06,Year 7 Class 1,Break Up Fighting,이별파이팅,,Youtube,Girl,Major,,,,,,,,,,2014
,2014-07-27,Zest,Last Night Story,어젯밤 이야기,,Youtube,Boy,Major,,,,,,,,,,2014
,2014-11-23,Zest,My All,,,Youtube,Boy,Major,,,,,,,,,,2014
,2014-09-25,ZPZG,Go Crazy,미치겠다,,Youtube,Boy,Major,,,,,,,,,,2014
,2014-06-05,ZE:A,Breathe,숨소리,,Youtube,Boy,Major,,,,,,,,,,2014
,2014-05-12,4Men,Erase,지우고 싶다,,Youtube,Boy,Major,,,,,,,,,,2014
,2014-05-12,4Men,Ok,,,Youtube,Boy,Major,,,,,,,,,,2014
,2014-10-28,As One,For the night,오늘같은 날,,Youtube,Girl,Major,,,,,,,,,,2014
,2014-01-15,AshGray,The Little Prince,어린왕자,,Youtube,Boy,Major,,,,,,,,,,2014
,2014-03-24,Baechigi,Dduraeyo,뜨래요,,Youtube,Boy,Major,,,,,,,,,,2014
,2014-08-29,Baechigi,Boy Jump,소년점프,,Youtube,Boy,Major,,,,,,,,,,2014
,2014-01-03,Brown Eyed Soul,You Are So Beautiful,,,Youtube,Boy,Minor,,,,,,,,,,2014
,2014-02-14,Brown Eyed Soul,Pass Me By,,,Youtube,Boy,Major,,,,,,,,,,2014
,2014-07-04,Clazziquai Project,Love Satellite,,,Youtube,Co-ed,Major,,,,,,,,,,2014
,2014-08-01,Clazziquai Project,Madly,,,Youtube,Co-ed,Major,,,,,,,,,,2014
,2014-09-18,Clazziquai Project,Still I'm By Your Side,내게 돌아와,,Youtube,Co-ed,Major,,,,,,,,,,2014
,2014-12-02,Clazziquai Project,Call Me Back,,,Youtube,Co-ed,Minor,,,,,,,,,,2014
,2014-12-02,Clazziquai Project,Android,,,Youtube,Co-ed,Minor,,,,,,,,,,2014
,2014-06-05,Davichi,Again,헤어졌다 만났다,,Youtube,Girl,Major,,,,,,,,,,2014
,2014-06-19,Davichi,Pillow,팔베개,,Youtube,Girl,Major,,,,,,,,,,2014
,2014-07-04,Davichi,Don't Move,움직이지마,,Youtube,Girl,Major,,,,,,,,,,2014
,2014-07-22,Daybreak,Hot Fresh,,,Youtube,Boy,Major,,,,,,,,,,2014
,2014-05-29,Dynamic Duo,Life Is Good,거품 안 넘치게 따라줘,,Youtube,Boy,Minor,,,,,,,,,,2014
,2014-06-17,Dynamic Duo,Summer Time,자리비움,,Youtube,Boy,Major,,,,,,,,,,2014
,2014-07-16,"Dynamic Duo, DJ Premier",AEAO,,,Youtube,Boy,Major,,,,,,,,,,2014
,2014-12-05,"Dynamic Duo, Lena Park",SsSs,싱숭생숭,,Youtube,Boy,Major,,,,,,,,,,2014
,2014-10-20,Epik High,Born Hater,,,Youtube,Boy,Major,,,,,,,,,,2014
,2014-10-21,Epik High,Spoiler + Happy Ending,스포일러 + 헤픈엔딩,,Youtube,Boy,Major,,,,,,,,,,2014
,2014-05-20,Fly To The Sky,You You You,너를 너를 너를,,Youtube,Boy,Major,,,,,,,,,,2014
,2014-06-05,Fly To The Sky,Years Apart,십년이 지나도,,Youtube,Boy,Minor,,,,,,,,,,2014
,2014-01-22,Koyote,1999,,,Youtube,Co-ed,Major,,,,,,,,,,2014
,2014-01-02,M.C The Max,Wind that blows,그대가 분다,,Youtube,Boy,Minor,,,,,,,,,,2014
,2014-11-28,M.C The Max,Look at,바라보기,,Youtube,Boy,Major,,,,,,,,,,2014
,2014-02-27,Nell,Four times around the sun,지구가 태양을 네번,,Youtube,Boy,Major,,,,,,,,,,2014
,2014-04-14,Nell,The great escape,소멸탈출,,Youtube,Boy,Minor,,,,,,,,,,2014
,2014-12-15,Nell,Green Nocturne,청춘연가,,Youtube,Boy,Major,,,,,,,,,,2014
,2014-09-29,Noel,The Day,그날이야,,Youtube,Boy,Major,,,,,,,,,,2014
,2014-10-23,S,Without You,하고 싶은 거다,,Youtube,Boy,Major,,,,,,,,,,2014
,2014-06-24,Untouchable,Take Out,,,Youtube,Boy,Major,,,,,,,,,,2014
,2014-12-03,Untouchable,Clockwork,,,Youtube,Boy,Major,,,,,,,,,,2014
,2014-05-19,Urban Zakapa,Like A Bird,,,Youtube,Co-ed,Major,,,,,,,,,,2014
,2014-11-04,Urban Zakapa,Consulation,위로,,Youtube,Co-ed,Major,,,,,,,,,,2014
,2014-11-07,Urban Zakapa,Self Hatred,미운 나,,Youtube,Co-ed,Major,,,,,,,,,,2014
,2014-12-11,V.O.S,The End,반대로만 살자,,Youtube,Boy,Major,,,,,,,,,,2014
,2014-02-20,Yery Band,Romeo Mannequin,로미오 마네킹,,Youtube,Co-ed,Major,,,,,,,,,,2014
,2014-11-28,Yery Band,Snow Love,눈사랑,,Youtube,Co-ed,Major,,,,,,,,,,2014
,2014-09-17,Girls' Generation-TTS,Holler,,ZANYBROS,Youtube,Girl,Major,,,,,,,,,,2014
,2014-02-16,Sunmi,Full Moon,보름달,,Youtube,Girl Solo,Major,,,,,,,,,,2014
,2014-05-16,IU,My Old Story,나의 옛날이야기,,Youtube,Girl Solo,Major,,,,,,,,,,2014
,2014-10-06,IU,SOGYEOKDONG,소격동,,Youtube,Girl Solo,Special,,,,,,,,,,2014
,2014-06-09,PSY,Hangover feat. Snoop Dogg,,,Youtube,Boy Solo,Major,,,,,,,,,,2014
,2014-01-02,Rain,30 Sexy,,,Youtube,Boy Solo,Major,,,,,,,,,,2014
,2014-01-02,Rain,La Song,,,Youtube,Boy Solo,Major,,,,,,,,,,2014
,2014-02-07,Rain,I Love You,사랑해,,Youtube,Boy Solo,Minor,,,,,,,,,,2014
,2014-07-28,HyunA,Red,빨개요,,Youtube,Girl Solo,Major,,,,,,,,,,2014
,2014-11-19,Nicole,Mama,,,Youtube,Girl Solo,Major,,,,,,,,,,2014
,2014-09-03,Nasty Nasty,Knock,노크,,Youtube,Co-ed,Major,,,,,,,,,,2014
Post,2015-01-14,GFRIEND,Glass Bead,유리구슬,ZANYBROS,Youtube,Girl,Major,,,,,,,,,,2015
,2015-06-22,GFRIEND,Me Gustas Tu,오늘부터 우리는,ZANYBROS,Youtube,Girl,Major,,,,,,,,,,2015
,2015-05-11,Girl's Day,Hello Bubble,헬로버블,,Youtube,Girl,Minor,,,,,,,,,,2015
Post,2015-04-29,BTS,I NEED U,아이 니드 유,Lumpens,Youtube,Boy,Major,,,,,,,,,,2015
,2015-05-23,BTS,DOPE,쩔어,Woogie Kim,Youtube,Boy,Major,,,,,,,,,,2015
,2015-11-29,BTS,Run,런,Lumpens,Youtube,Boy,Major,,,,,,,,,,2015
,2015-06-21,AOA,Heart Attack,심쿵해,,Youtube,Girl,Major,,,,,,,,,,2015
,2015-04-18,Apink,Promise U,새끼손가락,,Youtube,Girl,Minor,,,,,,,,,,2015
,2015-06-15,Apink,Remember,리멤버,ZANYBROS,Youtube,Girl,Major,,,,,,,,,,2015
,2015-08-03,Apink,Petal,꽃잎점,,Youtube,Girl,Minor,,,,,,,,,,2015
Post,2015-10-19,Twice,Like OOH-AHH,우아하게,Naive,Youtube,Girl,Major,,,,,,,,,,2015
,2015-04-20,Oh My Girl,Cupid,큐피드,ZANYBROS,Youtube,Girl,Major,,,,,,,,,,2015
Post,2015-10-07,Oh My Girl,Closer,클로저,Sunny Visual,Youtube,Girl,Major,,,,,,,,,,2015
,2015-05-02,Lovelyz,Hi~,안녕,Digipedi,Youtube,Girl,Major,,,,,,,,,,2015
,2015-09-13,Lovelyz,Shooting Star,작별하나,Digipedi,Youtube,Girl,Minor,,,,,,,,,,2015
,2015-09-30,Lovelyz,Ah-Choo,아츄,Digipedi,Youtube,Girl,Major,,,,,,,,,,2015
,2015-12-06,Lovelyz,For You,그대에게,Digipedi,Youtube,Girl,Major,,,,,,,,,,2015
,2015-11-15,B.A.P,"Young, Wild & Free",비에이피 - 영 와일드 앤 프리,ZANYBROS,Youtube,Boy,Major,,,,,,,,,,2015
Post,2015-03-25,LABOUM,Sugar Sugar,슈가슈가,,Youtube,Girl,Major,,,,,,,,,,2015
,2015-12-01,LABOUM,AALOW AALOW,아로아로,,Youtube,Girl,Major,,,,,,,,,,2015
Post,2015-08-09,B1A4,Sweet Girl,스윗 걸,Sunny Visual,Youtube,Boy,Major,,,,,,,,,,2015
Post,2015-02-23,VIXX,Love Equation,이별공식,,Youtube,Boy,Major,,,,,,,,,,2015
Post,2015-11-09,VIXX,Chained Up,사슬,Woogie Kim,Youtube,Boy,Major,,,,,,,,,,2015
,2015-09-10,UP10TION,"So, Dangerous",위험해,,Youtube,Boy,Major,,,,,,,,,,2015
,2015-11-26,UP10TION,Catch Me,여기여기 붙어라,,Youtube,Boy,Major,,,,,,,,,,2015
,2015-05-07,BESTie,Excuse Me,익스큐즈미,ZANYBROS,Youtube,Girl,Major,,,,,,,,,,2015
Post,2015-05-29,SEVENTEEN,Adore U,아낀다,Dee Shin,Youtube,Boy,Major,,,,,,,,,,2015
Post,2015-09-09,SEVENTEEN,Mansae,만세,Im Seonggwan,Youtube,Boy,Major,,,,,,,,,,2015
,2015-12-03,SEVENTEEN,Q&A (with Ailee),,Digipedi,Youtube,Boy,Minor,,,,,,,,,,2015
Post,2015-07-31,Wonder Girls,I Feel You,아이필유,Lumpens,Youtube,Girl,Major,,,,,,,,,,2015
,2015-03-25,Sonamoo,Just Go,가는거야,,Youtube,Girl,Minor,,,,,,,,,,2015
,2015-07-19,Sonamoo,Cushion,쿠션,ZANYBROS,Youtube,Girl,Major,,,,,,,,,,2015
,2015-08-23,APRIL,Dream Candy,꿈사탕,Digipedi,Youtube,Girl,Major,,,,,,,,,,2015
,2015-11-24,APRIL,Muah!,무아!,ZANYBROS,Youtube,Girl,Major,,,,,,,,,,2015
,2015-12-20,APRIL,Snowman,스노우맨,ZANYBROS,Youtube,Girl,Major,,,,,,,,,,2015
,2015-04-09,Girls' Generation,Catch Me If You Can,캐치미 이프유캔,Toshiyuki Suzuki,Youtube,Girl,Minor,,,,,,,,,,2015
,2015-06-07,Girls' Generation,Party,파티,ZANYBROS,Youtube,Girl,Major,,,,,,,,,,2015
,2015-08-17,Girls' Generation,Lion Heart,라이온 하트,ZANYBROS,Youtube,Girl,Major,,,,,,,,,,2015
,2015-08-18,Girls' Generation,You Think,유 싱크,Tiger Cave,Youtube,Girl,Major,,,,,,,,,,2015
,2015-03-18,CLC,Pepe,페페,ZANYBROS,Youtube,Girl,Major,,,,,,,,,,2015
Post,2015-05-27,CLC,Like,궁금해,ZANYBROS,Youtube,Girl,Major,,,,,,,,,,2015
Post,2015-05-14,MONSTA X,Trespass,무단침입,ICELAND,Youtube,Boy,Major,,,,,,,,,,2015
,2015-09-06,MONSTA X,Rush,신속히,ICELAND,Youtube,Boy,Major,,,,,,,,,,2015
,2015-10-01,MONSTA X,Hero,히어로,Vikings League,Youtube,Boy,Major,,,,,,,,,,2015
,2015-09-14,iKON,My Type,취향저격,Sa Minhan,Youtube,Boy,Major,,,,,,,,,,2015
,2015-09-30,iKON,Rhythm Ta,리듬 타,,Youtube,Boy,Major,,,,,,,,,,2015
,2015-09-30,iKON,Airplane,에어플레인,,Youtube,Boy,Major,,,,,,,,,,2015
,2015-11-15,iKON,Anthem,이리오너라,,Youtube,Boy,Major,,,,,,,,,,2015
,2015-11-15,iKON,Apology,지못미,Sa Minhan,Youtube,Boy,Major,,,,,,,,,,2015
,2015-12-23,iKON,What's Wrong?,왜 또,Sa Minhan,Youtube,Boy,Major,,,,,,,,,,2015
,2015-12-23,iKON,Dumb & Dumber,덤앤더머,,Youtube,Boy,Major,,,,,,,,,,2015
,2015-03-14,Red Velvet,Automatic,오토매틱,Shin Heewon,Youtube,Girl,Major,,,,,,,,,,2015
,2015-03-15,Red Velvet,Ice Cream Cake,아이스크림 케이크,Woogie Kim,Youtube,Girl,Major,,,,,,,,,,2015
,2015-09-08,Red Velvet,Dumb Dumb,덤덤,VM Project,Youtube,Girl,Major,,,,,,,,,,2015
,2015-04-14,Dal Shabet,Joker,조커,,Youtube,Girl,Major,,,,,,,,,,2015
,2015-09-14,DIA,Somehow,왠지,,Youtube,Girl,Major,,,,,,,,,,2015
,2015-09-17,DIA,I Wanna Listen to Music,음악 들을래,,Youtube,Girl,Minor,,,,,,,,,,2015
,2015-09-17,DIA,Lean on Me (feat. Microdot),린온미,,Youtube,Girl,Minor,,,,,,,,,,2015
,2015-10-19,DIA,My Friend's Boyfriend,내 친구의 남자친구,,Youtube,Girl,Major,,,,,,,,,,2015
,2015-11-15,Snuper,Shall We Dance,쉘 위 댄스,,Youtube,Boy,Major,,,,,,,,,,2015
,2015-01-12,Tahiti,Phone Number,폰넘버,,Youtube,Girl,Major,,,,,,,,,,2015
,2015-11-09,Tahiti,Skip,스킵,,Youtube,Girl,Major,,,,,,,,,,2015
,2015-03-10,Stellar,Fool,멍청이,ZANYBROS,Youtube,Girl,Major,,,,,,,,,,2015
,2015-07-19,Stellar,Vibrato,떨려요,Digipedi,Youtube,Girl,Major,,,,,,,,,,2015
,2015-06-21,Teen Top,ah-ah,아침부터 아침까지,,Youtube,Boy,Major,,,,,,,,,,2015
Post,2015-05-18,SHINee,View,뷰,,Youtube,Boy,Major,,,,,,,,,,2015
Post,2015-08-02,SHINee,Married To The Music,메리드 투 더 뮤직,,Youtube,Boy,Major,,,,,,,,,,2015
Post,2015-05-30,EXO,Call Me Baby,콜미 베이비,VM Project,Youtube,Boy,Major,,,,,,,,,,2015
,2015-06-02,EXO,Love Me Right,러브 미 라잇,VM Project,Youtube,Boy,Major,,,,,,,,,,2015
,2015-11-10,EXO,Lightsaber,라이트세이버,,Youtube,Boy,CF,,,,,,,,,,2015
,2015-12-09,EXO,Sing For You,싱포유,,Youtube,Boy,Minor,,,,,,,,,,2015
,2015-09-06,DAY6,Congratulations,콩그레츄레이션,Naive,Youtube,Boy,Major,,,,,,,,,,2015
,2015-07-01,Minx,Love Shake,러브 쉐이크,,Youtube,Girl,Major,,,,,,,,,,2015
,2015-01-08,Hello Venus,Wiggle Wiggle,위글위글,ZANYBROS,Youtube,Girl,Major,,,,,,,,,,2015
,2015-07-21,Hello Venus,I'm Ill,난 예술이야,,Youtube,Girl,Major,,,,,,,,,,2015
,2015-02-15,Niel,Lovekiller,못된 여자,,Youtube,Boy Solo,Major,,,,,,,,,,2015
,2015-05-25,KARA,Cupid,큐피드,,Youtube,Girl,Major,,,,,,,,,,2015
,2015-10-26,f(x),4 Walls,포 월즈,,Youtube,Girl,Major,,,,,,,,,,2015
,2015-03-29,miss A,Only You,다른 남자 말고 너,Naive,Youtube,Girl,Major,,,,,,,,,,2015
,2015-05-10,Jun Hyoseong,Into You,반해,ZANYBROS,Youtube,Girl Solo,Major,,,,,,,,,,2015
,2015-06-15,Song Jieun,Cool Night (with Sleepy),쿨밤,,Youtube,Girl Solo,Minor,,,,,,,,,,2015
,2015-01-08,Jonghyun,Crazy (Guilty Pleasure) feat IRON,크레이지 (길티 플레져),,Youtube,Boy Solo,Major,,,,,,,,,,2015
,2015-01-10,Jonghyun,Déjà-Boo feat. Zion.T,데자-부,,Youtube,Boy Solo,Minor,,,,,,,,,,2015
,2015-09-16,Jonghyun,End of a Day,하루의 끝,,Youtube,Boy Solo,Minor,,,,,,,,,,2015
,2015-04-13,Bastarz,Zero For Conduct,품행제로,,Youtube,Boy,Major,,,,,,,,,,2015
,2015-04-12,CROSS GENE,Play With Me,나하고 놀자,,Youtube,Boy,Major,,,,,,,,,,2015
,2015-07-19,Beast,Gotta Go To Work,일하러 가야 돼,Tiger Cave,Youtube,Boy,Minor,,,,,,,,,,2015
,2015-07-26,Beast,YeY,예이,Tiger Cave,Youtube,Boy,Major,,,,,,,,,,2015
,2015-08-03,T-ara,So Crazy,완전 미쳤네,ZANYBROS,Youtube,Girl,Major,,,,,,,,,,2015
,2015-10-06,Taeyeon,I feat. Verbal Jint,아이,,Youtube,Girl Solo,Major,,,,,,,,,,2015
,2015-01-25,Infinite H,Pretty,예뻐,ZANYBROS,Youtube,Boy,Major,,,,,,,,,,2015
,2015-04-13,Infinite H,Crazy feat. Sanchez,니가 미치지 않고서야,,Youtube,Boy,Minor,,,,,,,,,,2015
,2015-07-13,Infinite,Bad,배드,Digipedi,Youtube,Boy,Major,,,,,,,,,,2015
,2015-08-25,2EYES,Pippi,삐삐,LIKETHAT,Youtube,Girl,Major,,,,,,,,,,2015
,2015-05-20,HISTORY,Might Just Die,죽어버릴지도 몰라,,Youtube,Boy,Major,,,,,,,,,,2015
,2015-07-12,GOT7,Just Right,딱 좋아,Naive,Youtube,Boy,Major,,,,,,,,,,2015
,2015-09-28,GOT7,If You Do,니가 하면,Naive,Youtube,Boy,Major,,,,,,,,,,2015
,2015-11-22,GOT7,Confession Song,고백송,Naive,Youtube,Boy,Minor,,,,,,,,,,2015
,2015-06-28,BtoB,It's OK,괜찮아요,ZANYBROS,Youtube,Boy,Major,,,,,,,,,,2015
,2015-10-11,BtoB,Way Back Home,집으로 가는 길,ZANYBROS,Youtube,Boy,Major,,,,,,,,,,2015
Post,2015-04-01,Mamamoo,Ahh Oop (with eSNa),아훕!,Digipedi,Youtube,Girl,Minor,,,,,,,,,,2015
Post,2015-06-18,Mamamoo,Um Oh Ah Yeh,음오아예,,Youtube,Girl,Major,,,,,,,,,,2015
,2015-06-24,Playback,Playback,플레이백,,Youtube,Girl,Major,,,,,,,,,,2015
,2015-04-12,EXID,Ah Yeah,아예,Naive,Youtube,Girl,Major,,,,,,,,,,2015
,2015-11-17,EXID,Hot Pink,핫핑크,Digipedi,Youtube,Girl,Major,,,,,,,,,,2015
,2015-07-15,Super Junior,Devil,데빌,,Youtube,Boy,Major,,,,,,,,,,2015
,2015-09-15,Super Junior,Magic,매직,,Youtube,Boy,Major,,,,,,,,,,2015
,2015-01-22,1PUNCH,Nightmare,나이트메어,,Youtube,Boy,Minor,,,,,,,,,,2015
,2015-01-22,1PUNCH,Turn me back,돌려놔,,Youtube,Boy,Major,,,,,,,,,,2015
,2015-04-12,24K,Hey You,오늘 예쁘네,,Youtube,Boy,Major,,,,,,,,,,2015
,2015-09-30,24K,Super Fly,날라리,,Youtube,Boy,Major,,,,,,,,,,2015
,2015-01-22,9MUSES,Drama,드라마,ZANYBROS,Youtube,Girl,Major,,,,,,,,,,2015
,2015-07-01,9MUSES,Hurt Locker,다쳐,ZANYBROS,Youtube,Girl,Major,,,,,,,,,,2015
,2015-11-23,9MUSES,Sleepless Night,잠은 안오고 배는 고프고,ZANYBROS,Youtube,Girl,Major,,,,,,,,,,2015
,2015-01-04,4Ten,Why,왜 이래,,Youtube,Girl,Major,,,,,,,,,,2015
,2015-07-02,4Ten,Go Easy,살살해,,Youtube,Girl,Major,,,,,,,,,,2015
Post,2015-06-14,2PM,My House,우리집,Naive,Youtube,Boy,Major,,,,,,,,,,2015
,2015-01-25,4Minute,Cold Rain,추운 비,ZANYBROS,Youtube,Girl,Minor,,,,,,,,,,2015
,2015-02-08,4Minute,Crazy,미쳐,ZANYBROS,Youtube,Girl,Major,,,,,,,,,,2015
,2015-09-07,5tion,Because of You,,,Youtube,Boy,Minor,,,,,,,,,,2015
,2015-11-23,5tion,Lie,라이,,Youtube,Boy,Minor,,,,,,,,,,2015
,2015-05-27,2000won,GOODBAM,굿밤,,Youtube,Boy,Major,,,,,,,,,,2015
,2015-09-30,A-Daily,Spotlight,스포트라이트,,Youtube,Girl,Major,,,,,,,,,,2015
,2015-10-13,AOA,Oh Boy,보이,,Youtube,Girl,Japanese,,,,,,,,,,2015
,2015-11-18,Apink,Sunday Morning,,,Youtube,Girl,Japanese,,,,,,,,,,2015
,2015-03-05,B.I.G,Between Night n Music,밤과 음악 사이,,Youtube,Boy,Major,,,,,,,,,,2015
,2015-11-16,B.I.G,Taola,타올라,Digipedi,Youtube,Boy,Major,,,,,,,,,,2015
,2015-08-01,Baby Boo,Boo Boo Boo,부부부,,Youtube,Girl,Major,,,,,,,,,,2015
,2015-07-21,10X10,AMOMIA,아모미아,,Youtube,Girl,Major,,,,,,,,,,2015
,2015-02-09,After School,Shine,,,Youtube,Girl,Japanese,,,,,,,,,,2015
,2015-06-04,A.KOR BLACK,How We Do,하우 위 두,,Youtube,Girl,Major,,,,,,,,,,2015
,2015-03-10,A.cian,Magic Girl,마녀시대,,Youtube,Boy,Minor,,,,,,,,,,2015
,2015-04-26,A.cian,Driving,드라이빙,,Youtube,Boy,Major,,,,,,,,,,2015
,2015-07-03,A.cian,Just Leave,그냥 떠나가,,Youtube,Boy,Minor,,,,,,,,,,2015
,2015-09-24,A.H.H.A,Hood On,훋 온,,Youtube,Girl,Major,,,,,,,,,,2015
,2015-08-26,ALLSTAR,Sugar,슈가,,Youtube,Boy,Major,,,,,,,,,,2015
,2015-07-17,Awesome Baby,Why me?,내가 왜?,,Youtube,Girl,Major,,,,,,,,,,2015
,2015-06-19,Asha,Mr. Liar,미스터라이어,,Youtube,Girl,Major,,,,,,,,,,2015
,2015-05-20,A6P,Face Off,페이스오프,,Youtube,Boy,Major,,,,,,,,,,2015
,2015-01-28,A.T.O,Crazy,미친,,Youtube,Boy,Major,,,,,,,,,,2015
,2015-01-23,B1A4,Shiroi Kiseki,白いキセキ,,Youtube,Boy,Japanese,,,,,,,,,,2015
,2015-10-27,B1A4,Happy Days,,,Youtube,Boy,Japanese,,,,,,,,,,2015
,2015-08-27,BEATWIN,Stalker,스토커,,Youtube,Boy,Major,,,,,,,,,,2015
,2015-02-08,Berry Good,Because of You,요즘 너 때문에 난,,Youtube,Girl,Major,,,,,,,,,,2015
,2015-09-22,Berry Good,My First Love,내 첫사랑,,Youtube,Girl,Major,,,,,,,,,,2015
,2015-01-16,Big Byung,Ojingeo Doenjang,오징어 된장,,Youtube,Boy,Special,,,,,,,,,,2015
,2015-08-04,GD&T.O.P,Zutter,쩔어,,Youtube,Boy,Major,,,,,,,,,,2015
,2015-04-30,BIGBANG,Loser,루저,Han Samin,Youtube,Boy,Major,,,,,,,,,,2015
,2015-04-30,BIGBANG,Bae Bae,배배,Seo Hyunseung,Youtube,Boy,Major,,,,,,,,,,2015
,2015-06-01,BIGBANG,Bang Bang Bang,뱅뱅뱅,Seo Hyunseung,Youtube,Boy,Major,,,,,,,,,,2015
,2015-06-04,BIGBANG,We Like 2 Party,위라이크투파티,Han Samin,Youtube,Boy,Major,,,,,,,,,,2015
,2015-06-30,BIGBANG,Sober,맨정신,Han Samin,Youtube,Boy,Major,,,,,,,,,,2015
,2015-08-04,BIGBANG,Let's Not Fall In Love,우리 사랑하지 말아요,Han Samin,Youtube,Boy,Major,,,,,,,,,,2015
,2015-10-07,BIGFLO,Obliviate,오블리비아테,ZANYBROS,Youtube,Boy,Major,,,,,,,,,,2015
,2015-11-20,BIGFLO,"1,2,3,4",,,Youtube,Boy,Japanese,,,,,,,,,,2015
,2015-09-03,BIGSTAR,Full Moon Shine,달빛소나타,,Youtube,Boy,Major,,,,,,,,,,2015
,2015-03-30,Blady,Come To Me,다가와,,Youtube,Girl,Major,,,,,,,,,,2015
,2015-08-16,Blady,Secret Number,비밀열쇠,,Youtube,Girl,Major,,,,,,,,,,2015
,2015-03-19,Bubble X,Why Didn't I Know It Then,그땐 왜 몰랐을까,,Youtube,Girl,Minor,,,,,,,,,,2015
,2015-06-03,Boys Republic,Hello,헬로우,ZANYBROS,Youtube,Boy,Major,,,,,,,,,,2015
,2015-03-17,BtoB,The future (tomorrow),未来（あした）,,Youtube,Boy,Japanese,,,,,,,,,,2015
,2015-08-08,BtoB,Summer Color My Girl,夏色 MY GIRL,,Youtube,Boy,Japanese,,,,,,,,,,2015
,2015-11-04,Brown Eyed Girls,Brave New World,신세계,FPK,Youtube,Girl,Major,,,,,,,,,,2015
,2015-11-04,Brown Eyed Girls,Warm Hole,웜홀,FPK,Youtube,Girl,Minor,,,,,,,,,,2015
,2015-05-22,Boyfriend,Glider,,,Youtube,Boy,Japanese,,,,,,,,,,2015
,2015-03-08,Boyfriend,Bounce,바운스,,Youtube,Boy,Major,,,,,,,,,,2015
,2015-03-26,Crayon Pop,FM,에프엠,,Youtube,Girl,Major,,,,,,,,,,2015
,2015-06-29,Crayon Pop,Rarirure,라리루레,,Youtube,Girl,Japanese,,,,,,,,,,2015
,2015-11-09,Crayon Pop,Dancing All Night,댄싱 올 나잇,,Youtube,Girl,Japanese,,,,,,,,,,2015
,2015-03-19,CNBLUE,White,,,Youtube,Boy,Japanese,,,,,,,,,,2015
,2015-09-07,CNBLUE,Supernova,,,Youtube,Boy,Japanese,,,,,,,,,,2015
,2015-09-13,CNBLUE,Cinderella,신데렐라,,Youtube,Boy,Major,,,,,,,,,,2015
,2015-11-11,Dia Girls,Gently,스르륵,,Youtube,Girl,Major,,,,,,,,,,2015
,2015-04-29,Cupid,I Feel Good,아이필굿,,Youtube,Girl,Major,,,,,,,,,,2015
,2015-07-07,D.Holic,Chewy,쫄깃쫄깃,,Youtube,Girl,Major,,,,,,,,,,2015
,2015-11-11,D.Holic,Murphy & Sally,머피와 샐리,,Youtube,Girl,Major,,,,,,,,,,2015
,2015-03-03,Fiestar,You're Pitiful,짠해,,Youtube,Girl,Major,,,,,,,,,,2015
,2015-01-06,Flashe,My Day,마이데이,,Youtube,Girl,Major,,,,,,,,,,2015
,2015-07-29,Flashe,The Star Of Stars,별의별,,Youtube,Girl,Major,,,,,,,,,,2015
,2015-03-22,FTISLAND,Pray,,,Youtube,Boy,Major,,,,,,,,,,2015
,2015-04-17,FTISLAND,Primavera,,,Youtube,Boy,Japanese,,,,,,,,,,2015
,2015-08-16,FTISLAND,Puppy,,,Youtube,Boy,Japanese,,,,,,,,,,2015
,2015-12-08,g.o.d,A Funny But Sad Day,웃픈 하루,,Youtube,Boy,Major,,,,,,,,,,2015
,2015-04-19,Gavy NJ,Ju Ju Ju,친구가 널봤대,,Youtube,Girl,Major,,,,,,,,,,2015
,2015-11-02,Gavy NJ,Hello,헬로우,,Youtube,Girl,Major,,,,,,,,,,2015
,2015-05-18,GOT7,Love Train,,,Youtube,Boy,Japanese,,,,,,,,,,2015
,2015-09-04,GOT7,Laugh Laugh Laugh,,,Youtube,Boy,Japanese,,,,,,,,,,2015
,2015-01-08,HALO,Surprise,서프라이즈,,Youtube,Boy,Major,,,,,,,,,,2015
,2015-06-02,HALO,While You're Sleeping,니가 잠든 사이에,,Youtube,Boy,Major,,,,,,,,,,2015
,2015-01-04,High4,Day By Day,비슷해,,Youtube,Boy,Major,,,,,,,,,,2015
,2015-06-03,High4,Baby Boy,베이비 보이,,Youtube,Boy,Major,,,,,,,,,,2015
,2015-11-01,High4,D.O.A (Dead or Alive),데드 오어 얼라이브,,Youtube,Boy,Major,,,,,,,,,,2015
,2015-12-16,HISTORY,Lost,,,Youtube,Boy,Japanese,,,,,,,,,,2015
,2015-03-24,Hotshot,Midnight Sun,,,Youtube,Boy,Minor,,,,,,,,,,2015
,2015-04-23,Hotshot,Watch Out,워치아웃,,Youtube,Boy,Minor,,,,,,,,,,2015
,2015-07-01,Hotshot,I'm A Hotshot,아임 어 핫샷,,Youtube,Boy,Major,,,,,,,,,,2015
,2015-11-25,I.C.E,Over U,,,Youtube,Girl,Major,,,,,,,,,,2015
,2015-02-11,Infinite,Dilemma,,,Youtube,Boy,Japanese,,,,,,,,,,2015
,2015-04-28,Infinite,24 Hours,24時間,,Youtube,Boy,Japanese,,,,,,,,,,2015
,2015-04-14,Jinusean,Tell Me One More Time,한번 더 말해줘,,Youtube,Boy,Major,,,,,,,,,,2015
,2015-01-13,JJCC,Fire,질러,,Youtube,Boy,Major,,,,,,,,,,2015
,2015-04-08,JJCC,On the Flower Bed,꽃밭에서,,Youtube,Boy,Major,,,,,,,,,,2015
,2015-08-19,JJCC,Where You At,어디야,,Youtube,Boy,Major,,,,,,,,,,2015
,2015-11-17,JJCC,Insomnia,불면증,,Youtube,Boy,Major,,,,,,,,,,2015
,2015-05-26,JJY Band,OMG,,,Youtube,Boy,Major,,,,,,,,,,2015
,2015-02-16,K-Much,December 24,12월 24일,,Youtube,Boy,Major,,,,,,,,,,2015
,2015-03-05,K-Much,Fish in a Bowl,어항 속 물고기,,Youtube,Boy,Major,,,,,,,,,,2015
,2015-11-25,K-Much,Tie My Hands,,,Youtube,Boy,Major,,,,,,,,,,2015
,2015-09-08,Ladies' Code,Smile Even Though It Hurts,아파도 웃을래,,Youtube,Girl,Minor,,,,,,,,,,2015
,2015-02-25,Lip Service,In The Spring,봄 되면 어쩌나,,Youtube,Girl,Major,,,,,,,,,,2015
,2015-07-05,LoveUs,Tickle,티클,,Youtube,Girl,Major,,,,,,,,,,2015
,2015-04-13,M&D,I Wish,하고 싶어,,Youtube,Boy,Major,,,,,,,,,,2015
,2015-03-11,Madtown,New World,드루와,,Youtube,Boy,Major,,,,,,,,,,2015
,2015-11-11,Madtown,OMGT,오엠지티,,Youtube,Boy,Major,,,,,,,,,,2015
,2015-02-05,Mamamoo,My Everything,내 눈 속엔 너,,Youtube,Girl,OST,,,,,,,,,,2015
,2015-09-24,Mamamoo,Girl Crush,걸크러쉬,,Youtube,Girl,OST,,,,,,,,,,2015
,2015-08-24,"Mamamoo, Basick",Stand Up,,,Youtube,Girl,Minor,,,,,,,,,,2015
,2015-11-09,MAP6,Storm,스톰,,Youtube,Boy,Major,,,,,,,,,,2015
,2015-06-08,MBLAQ,Mirror,거울,,Youtube,Boy,Major,,,,,,,,,,2015
,2015-06-08,MelodyDay,#LoveMe,러브미,,Youtube,Girl,Major,,,,,,,,,,2015
,2015-10-06,MelodyDay,Speed Up,스피드 업,,Youtube,Girl,Major,,,,,,,,,,2015
,2015-04-23,Mr.Mr,Out,아웃,,Youtube,Boy,Major,,,,,,,,,,2015
,2015-08-24,MyB,My Oh My,심장어택,,Youtube,Girl,Major,,,,,,,,,,2015
,2015-11-12,MyB,DdoDdo,또또,,Youtube,Girl,Major,,,,,,,,,,2015
,2015-02-11,Myname,To Very So Much,너무 very 막,,Youtube,Boy,Major,,,,,,,,,,2015
,2015-03-01,Myname,Stop The Time,,,Youtube,Boy,Japanese,,,,,,,,,,2015
,2015-05-12,Myname,Just Tell Me,딱 말해,,Youtube,Boy,Major,,,,,,,,,,2015
,2015-06-30,Myname,Hello Again,,,Youtube,Boy,Japanese,,,,,,,,,,2015
Post,2015-08-16,VIXX LR,Beautiful Liar,뷰티풀 라이어,,Youtube,Boy,Major,,,,,,,,,,2015
,2015-08-27,VIXX,Can't Say,,,Youtube,Boy,Japanese,,,,,,,,,,2015
,2015-03-23,N-Sonic,Black Out,블랙아웃,,Youtube,Boy,Major,,,,,,,,,,2015
,2015-05-19,N.Flying,Awesome,기가 막혀,,Youtube,Boy,Major,,,,,,,,,,2015
,2015-10-21,N.Flying,Lonely,론리,,Youtube,Boy,Major,,,,,,,,,,2015
,2015-07-15,N*White,Paradise,천국,,Youtube,Girl,Major,,,,,,,,,,2015
,2015-02-26,NU'EST,I'm Bad,아임베드,PASTEL GLYPH,Youtube,Boy,Major,,,,,,,,,,2015
,2015-04-16,NU'EST,NA.NA.NA.Tears,NA.NA.NA.涙,,Youtube,Boy,Japanese,,,,,,,,,,2015
,2015-02-22,Rainbow,Black Swan,블랙스완,,Youtube,Girl,Major,,,,,,,,,,2015
,2015-11-04,Rania,Demonstrate,데몬스트레이트,,Youtube,Girl,Major,,,,,,,,,,2015
,2015-11-16,Road Boyz,Poison Girl,독한 여자,,Youtube,Boy,Minor,,,,,,,,,,2015
,2015-11-24,Road Boyz,Show Me Bang Bang,쇼 미 뱅 뱅,,Youtube,Boy,Major,,,,,,,,,,2015
,2015-05-06,ROMEO,Lovesick,예쁘니까,,Youtube,Boy,Major,,,,,,,,,,2015
,2015-11-04,ROMEO,Target,타겟,,Youtube,Boy,Major,,,,,,,,,,2015
,2015-03-10,SHINee,Your Number,,,Youtube,Boy,Japanese,,,,,,,,,,2015
,2015-10-25,SHINee,Sing Your Song,,,Youtube,Boy,Japanese,,,,,,,,,,2015
,2015-12-13,SHINee,DxDxD,,,Youtube,Boy,Japanese,,,,,,,,,,2015
,2015-02-02,Shinhwa,Memory,,,Youtube,Boy,Major,,,,,,,,,,2015
,2015-02-25,Shinhwa,Sniper,표적,,Youtube,Boy,Major,,,,,,,,,,2015
,2015-06-21,SISTAR,Shake It,쉐이크 잇,,Youtube,Girl,Major,,,,,,,,,,2015
,2015-05-31,Speed,What U,왓 유,,Youtube,Boy,Major,,,,,,,,,,2015
,2015-01-28,Sunny Hill,Child In Time,교복을 벗고,,Youtube,Girl,Major,,,,,,,,,,2015
,2015-03-05,Super Junior-D&E,Growing Pains,너는 나만큼,,Youtube,Boy,,,,,,,,,,,2015
,2015-03-31,Super Junior-D&E,CHOK CHOK DANCE (Everybody's CHOK CHOK DANCE),촉이 와,,Youtube,Boy,,,,,,,,,,,2015
,2015-03-17,SUS4,Shake It,흔들어,,Youtube,Girl,Major,,,,,,,,,,2015
,2015-01-20,The Legend,Trace,흔적,,Youtube,Boy,Major,,,,,,,,,,2015
,2015-08-02,The Legend,Shadow,,,Youtube,Boy,Major,,,,,,,,,,2015
,2015-11-16,The Legend,Nail,손톱,,Youtube,Boy,Major,,,,,,,,,,2015
,2015-06-10,TimeZ,Awaken,,,Youtube,Boy,Major,,,,,,,,,,2015
,2015-10-18,Topp Dogg,The Beat,,,Youtube,Boy,Major,,,,,,,,,,2015
,2015-01-22,U-KISS,Playground,놀이터,,Youtube,Boy,Major,,,,,,,,,,2015
,2015-02-24,U-KISS,Action,,,Youtube,Boy,Japanese,,,,,,,,,,2015
,2015-04-23,Uniq,EOEO,,,Youtube,Boy,Major,,,,,,,,,,2015
,2015-05-21,Uniq,Luv Again,,,Youtube,Boy,Major,,,,,,,,,,2015
,2015-10-15,Uniq,Best Friend,,,Youtube,Boy,Minor,,,,,,,,,,2015
,2015-11-12,UP10TION,Come as you are,그대로,,Youtube,Boy,Minor,,,,,,,,,,2015
,2015-11-01,VAV,Under The Moonlight,,,Youtube,Boy,Major,,,,,,,,,,2015
,2015-11-05,Vetty L,Come Back Please,돌아와 제발,,Youtube,Girl,Major,,,,,,,,,,2015
,2015-07-20,Wanna.B,Attention,전체 차렷,,Youtube,Girl,Major,,,,,,,,,,2015
,2015-11-09,Wanna.B,Hands Up,손들어,,Youtube,Girl,Major,,,,,,,,,,2015
,2015-01-26,Wassup,Stupid Liar,,,Youtube,Girl,Major,,,,,,,,,,2015
,2015-06-01,Year 7 Class 1,White Wind,하얀바람,,Youtube,Girl,Major,,,,,,,,,,2015
,2015-08-27,Year 7 Class 1,Always (2015 ver.),,,Youtube,Girl,Major,,,,,,,,,,2015
,2015-11-03,Year 7 Class 1,Believe,,,Youtube,Girl,Major,,,,,,,,,,2015
,2015-09-09,Zest,Give Me A Chance,기회를줘,,Youtube,Boy,Major,,,,,,,,,,2015
,2015-07-29,ZPZG,AOAO,,,Youtube,Boy,Major,,,,,,,,,,2015
,2015-08-09,ZE:A J,Marry Me,,,Youtube,Boy,Chinese,,,,,,,,,,2015
,2015-08-31,ZE:A J,Kiminosobani ~Love to You~,君のそばに~Love to you~,,Youtube,Boy,Japanese,,,,,,,,,,2015
,2015-09-17,ZE:A,Continue,,,Youtube,Boy,Minor,,,,,,,,,,2015
,2015-06-01,4Men,You’re My Home,넌 나의 집,,Youtube,Boy,Major,,,,,,,,,,2015
,2015-06-23,4Men,Blanket Kick,이불킥,,Youtube,Boy,Major,,,,,,,,,,2015
,2015-08-06,Baechigi,Shut Up,닥쳐줘요,,Youtube,Boy,Major,,,,,,,,,,2015
,2015-12-08,Brown Eyed Soul,Home,,,Youtube,Boy,Major,,,,,,,,,,2015
,2015-09-23,Cool,It's Alright,다 잘될 거야,,Youtube,Co-ed,Major,,,,,,,,,,2015
,2015-01-21,Davichi,Cry Again,또 운다 또,,Youtube,Girl,Major,,,,,,,,,,2015
,2015-01-23,Davichi,"Sorry, I'm Happy",행복해서 미안해,,Youtube,Girl,Major,,,,,,,,,,2015
,2015-03-18,Davichi,Two Lovers,두사랑,,Youtube,Girl,Major,,,,,,,,,,2015
,2015-11-04,Davichi,Moment,이 순간,,Youtube,Girl,Minor,,,,,,,,,,2015
,2015-04-10,Daybreak,Beautiful People,빛나는 사람,,Youtube,Boy,Major,,,,,,,,,,2015
,2015-06-12,December,Reason,,,Youtube,Boy,Major,,,,,,,,,,2015
,2015-07-30,Dickpunks,Let's Play In The HanRiver,한강에서 놀아요,,Youtube,Boy,Major,,,,,,,,,,2015
,2015-12-17,Dickpunks,Show Me,니가 보여,,Youtube,Boy,Major,,,,,,,,,,2015
,2015-11-16,Dynamic Duo,J.O.T.S,,,Youtube,Boy,Minor,,,,,,,,,,2015
,2015-11-17,Dynamic Duo,Jam,꿀잼,,Youtube,Boy,Major,,,,,,,,,,2015
,2015-11-20,Dynamic Duo,Dodoripyo,도돌이표,,Youtube,Boy,Minor,,,,,,,,,,2015
,2015-12-07,Dynamic Duo,Oksang,옥상에서,,Youtube,Boy,Minor,,,,,,,,,,2015
,2015-01-02,Epik High,Shoebox,신발장,,Youtube,Boy,Minor,,,,,,,,,,2015
,2015-09-14,Fly To The Sky,It happens to be that way,그렇게 됐어,,Youtube,Boy,Major,,,,,,,,,,2015
,2015-09-14,Fly To The Sky,If I have to hate you,미워해야 한다면,,Youtube,Boy,Major,,,,,,,,,,2015
,2015-09-18,Nell,Star Shell,,,Youtube,Boy,Major,,,,,,,,,,2015
,2015-12-02,Nell,Lost in perspective,3인칭의 필요성,,Youtube,Boy,Major,,,,,,,,,,2015
,2015-01-08,Noel,Your Voice,목소리,,Youtube,Boy,Major,,,,,,,,,,2015
,2015-11-26,Noel,In the End,이별밖에,,Youtube,Boy,Major,,,,,,,,,,2015
,2015-08-19,SG Wannabe,Love You,가슴 뛰도록,,Youtube,Boy,Major,,,,,,,,,,2015
,2015-08-19,SG Wannabe,Good Memory,좋은 기억,,Youtube,Boy,Major,,,,,,,,,,2015
,2015-04-03,Take,One Spring Day,어느 봄날에,,Youtube,Boy,Major,,,,,,,,,,2015
,2015-05-12,Take,Tonight,,,Youtube,Boy,Major,,,,,,,,,,2015
,2015-07-07,Take,Rainy Day,주르르,,Youtube,Boy,Major,,,,,,,,,,2015
,2015-01-05,Tritops,Your Fever,너의 체온,,Youtube,Boy,Major,,,,,,,,,,2015
,2015-04-15,Tritops,Missing You Missing You Missing You,보고싶다 보고싶다 보고싶다,,Youtube,Boy,Major,,,,,,,,,,2015
,2015-06-10,Tritops,Sorry That I'm Ugly,못생겨서 미안해,,Youtube,Boy,Major,,,,,,,,,,2015
,2015-02-24,Untouchable,Mask On,,,Youtube,Boy,Major,,,,,,,,,,2015
,2015-03-18,Untouchable,Crayon,크레파스,,Youtube,Boy,Major,,,,,,,,,,2015
,2015-05-22,Urban Zakapa,Get,,,Youtube,Co-ed,Major,,,,,,,,,,2015
,2015-05-28,Urban Zakapa,212,둘 하나 둘,,Youtube,Co-ed,Major,,,,,,,,,,2015
,2015-03-11,V.O.S,Someday,어느날 어느곳 어디선가,,Youtube,Boy,Major,,,,,,,,,,2015
,2015-12-03,Girls' Generation-TTS,Dear Santa,,,Youtube,Girl,Major,,,,,,,,,,2015
,2015-12-03,Girls' Generation-TTS,Dear Santa (English ver.),,,Youtube,Girl,English,,,,,,,,,,2015
,2015-04-11,J.Y. Park,Who's your mama? feat. Jessi,어머님이 누구니,Naive,Youtube,Boy Solo,Major,,,,,,,,,,2015
,2015-09-14,Jessi,Ssenunni,쎈언니,,Youtube,Girl Solo,Major,,,,,,,,,,2015
,2015-10-22,IU,Twenty-three,스물셋,,Youtube,Girl Solo,Major,,,,,,,,,,2015
,2015-11-30,PSY,Daddy feat. CL,,,Youtube,Boy Solo,Major,,,,,,,,,,2015
,2015-03-28,PSY,Father (with Lang Lang),,,Youtube,Boy Solo,Minor,,,,,,,,,,2015
,2015-11-30,PSY,Napal Baji,나팔바지,,Youtube,Boy Solo,Major,,,,,,,,,,2015
,2015-05-05,BoA,Who Are You feat. Gaeko,,,Youtube,Girl Solo,Major,,,,,,,,,,2015
,2015-05-11,BoA,Kiss My Lips,,,Youtube,Girl Solo,Major,,,,,,,,,,2015
,2015-08-21,HyunA,Roll Deep feat. Jung Ilhoon,잘나가서 그래,,Youtube,Girl Solo,Major,,,,,,,,,,2015
,2016-01-24,GFRIEND,Rough,시간을 달려서,ZANYBROS,Youtube,Girl,Major,,,,,,,,,,2016
Post,2016-06-10,GFRIEND,Navillera,너 그리고 나,Kim 'Oui Kim' Seonguk,Youtube,Girl,Major,,,,,,,,,,2016
Post,2016-07-06,Girl's Day,Ring My Bell,링마벨,LIKETHAT,Youtube,Girl,Major,,,,,,,,,,2016
,2016-04-19,BTS,EPILOGUE: Young Forever,에필로그: 영 포에버,,Youtube,Boy,Minor,,,,,,,,,,2016
Post,2016-05-01,BTS,FIRE,불타오르네,Lumpens,Youtube,Boy,Major,,,,,,,,,,2016
,2016-05-15,BTS,Save ME,세이브미,Woogie Kim,Youtube,Boy,Major,,,,,,,,,,2016
Post,2016-10-09,BTS,Blood Sweat & Tears,피 땀 눈물,Lumpens,Youtube,Boy,Major,,,,,,,,,,2016
,2016-02-11,AOA CREAM,I'm Jelly Baby,질투 나요 BABY,,Youtube,Girl,Major,,,,,,,,,,2016
Post,2016-05-15,AOA,Good Luck,굿럭,,Youtube,Girl,Major,,,,,,,,,,2016
,2016-04-18,Apink,The Wave,네가 손짓해주면,,Youtube,Girl,Minor,,,,,,,,,,2016
Post,2016-09-25,Apink,Only One,내가 설렐 수 있게,,Youtube,Girl,Major,,,,,,,,,,2016
Post,2016-04-24,Twice,Cheer Up,치어업,Naive,Youtube,Girl,Major,,,,,,,,,,2016
Post,2016-10-23,Twice,TT,티티,Naive,Youtube,Girl,Major,,,,,,,,,,2016
Post,2016-03-27,Oh My Girl,LIAR LIAR,라이어 라이어,Digipedi,Youtube,Girl,Major,,,,,,,,,,2016
Post,2016-05-25,Oh My Girl,Windy Day,윈디데이,Digipedi,Youtube,Girl,Major,,,,,,,,,,2016
Post,2016-07-31,Oh My Girl,Listen to my word (A-ing),내 얘길 들어봐,Segaji Video,Youtube,Girl,Major,,,,,,,,,,2016
Post,2016-11-28,Oh My Girl,White,화이트,,Youtube,Girl,Minor,,,,,,,,,,2016
,2016-04-24,Lovelyz,Destiny,나의 지구,Digipedi,Youtube,Girl,Major,,,,,,,,,,2016
,2016-02-21,B.A.P,Feel So Good,필소굿,ZANYBROS,Youtube,Boy,Major,,,,,,,,,,2016
,2016-08-07,B.A.P,That's My Jam,댓츠 마이 잼,ZANYBROS,Youtube,Boy,Major,,,,,,,,,,2016
Post,2016-11-06,B.A.P,SKYDIVE,스카이다이브,ZANYBROS,Youtube,Boy,Major,,,,,,,,,,2016
,2016-06-27,gugudan,Wonderland,원더랜드,Zanybros,Youtube,Girl,Major,,,,,,,,,,2016
,2016-04-11,I.O.I,Crush,크러쉬,,Youtube,Girl,Minor,,,,,,,,,,2016
Post,2016-05-03,I.O.I,Dream Girls,드림걸스,,Youtube,Girl,Major,,,,,,,,,,2016
Post,2016-08-08,I.O.I,Whatta Man (Good man),와타맨,,Youtube,Girl,Major,,,,,,,,,,2016
Post,2016-10-16,I.O.I,Very Very Very,너무너무너무,Digipedi,Youtube,Girl,Major,,,,,,,,,,2016
Post,2016-11-09,Momoland,JJan! Koong! Kwang!,짠쿵쾅,LIKETHAT,Youtube,Girl,Major,,,,,,,,,,2016
,2016-08-08,BLACKPINK,WHISTLE,휘파람,Seo Hyunseung,Youtube,Girl,Major,,,,,,,,,,2016
,2016-08-08,BLACKPINK,BOOMBAYAH,붐바야,Seo Hyunseung,Youtube,Girl,Major,,,,,,,,,,2016
Post,2016-10-31,BLACKPINK,PLAYING WITH FIRE,불장난,Han Sa Min,Youtube,Girl,Major,,,,,,,,,,2016
,2016-10-31,BLACKPINK,STAY,머무르다,Han Sa Min,Youtube,Girl,Major,,,,,,,,,,2016
,2016-08-18,I.B.I,MOLAE MOLAE,몰래몰래,,Youtube,Girl,Major,,,,,,,,,,2016
Post,2016-02-24,WJSN,Mo Mo Mo,모모모,ZANYBROS,Youtube,Girl,Major,,,,,,,,,,2016
,2016-03-09,WJSN,Catch Me,캐치미,ZANYBROS,Youtube,Girl,Minor,,,,,,,,,,2016
Post,2016-08-16,WJSN,Secret,비밀이야,FantazyLab,Youtube,Girl,Major,,,,,,,,,,2016
,2016-04-05,LABOUM,Journey to Atlantis,상상더하기,ZANYBROS,Youtube,Girl,Major,,,,,,,,,,2016
Post,2016-08-22,LABOUM,Shooting Love,푱푱,Sunny Visual,Youtube,Girl,Major,,,,,,,,,,2016
Post,2016-12-01,LABOUM,Winter Story,겨울동화,Sunny Visual,Youtube,Girl,Major,,,,,,,,,,2016
Post,2016-11-27,B1A4,A Lie,거짓말이야,August Frogs,Youtube,Boy,Major,,,,,,,,,,2016
Post,2016-04-19,VIXX,Dynamite,다이너마이트,VM Project,Youtube,Boy,Major,,,,,,,,,,2016
Post,2016-08-13,VIXX,Fantasy,판타지,,Youtube,Boy,Major,,,,,,,,,,2016
Post,2016-10-30,VIXX,The Closer,더 클로저,,Youtube,Boy,Major,,,,,,,,,,2016
Post,2016-11-20,VIXX,Milky Way,밀키웨이,,Youtube,Boy,Minor,,,,,,,,,,2016
,2016-04-17,UP10TION,Attention,나한테만 집중해,,Youtube,Boy,Major,,,,,,,,,,2016
,2016-08-04,UP10TION,Tonight,오늘이 딱이야,Joo Heesun,Youtube,Boy,Major,,,,,,,,,,2016
,2016-11-20,UP10TION,White Night,하얗게 불태웠어,,Youtube,Boy,Major,,,,,,,,,,2016
,2016-03-02,KNK,Knock,노크,Tiger Cave,Youtube,Boy,Major,,,,,,,,,,2016
,2016-06-01,KNK,Back Again,백어게인,Tiger Cave,Youtube,Boy,Major,,,,,,,,,,2016
,2016-11-18,KNK,U (Performance),유,,Youtube,Boy,Major,,,,,,,,,,2016
Post,2016-12-12,KARD,Oh Nana,오나나,,Youtube,Co-ed,Major,,,,,,,,,,2016
,2016-04-24,SEVENTEEN,Pretty U,예쁘다,Shin Huiwon,Youtube,Boy,Major,,,,,,,,,,2016
,2016-06-15,SEVENTEEN,Love Letter,사랑쪽지,,Youtube,Boy,Minor,,,,,,,,,,2016
Post,2016-07-03,SEVENTEEN,VERY NICE,아주 나이스,Digipedi,Youtube,Boy,Major,,,,,,,,,,2016
,2016-10-16,SEVENTEEN,Healing,힐링,,Youtube,Boy,Minor,,,,,,,,,,2016
,2016-11-01,SEVENTEEN,Check In,체크인,VM Project,Youtube,Boy,Minor,,,,,,,,,,2016
Post,2016-12-04,SEVENTEEN,BOOMBOOM,붐붐,Sunny Visual,Youtube,Boy,Major,,,,,,,,,,2016
Post,2016-12-14,Apink,Cause you're my star,별의 별,,Youtube,Girl,Minor,,,,,,,,,,2016
,2016-07-08,Pentagon,Young,젊어,,Youtube,Boy,Minor,,,,,,,,,,2016
,2016-10-09,Pentagon,Gorilla,고릴라,Vikings League,Youtube,Boy,Major,,,,,,,,,,2016
,2016-12-06,Pentagon,Can You Feel It,감이 오지,Vikings League,Youtube,Boy,Major,,,,,,,,,,2016
,2016-06-29,Wonder Girls,Why So Lonely,와이 쏘 론리,Lumpens,Youtube,Girl,Major,,,,,,,,,,2016
,2016-06-28,Sonamoo,I Like You Too Much,넘나 좋은 것,ZANYBROS,Youtube,Girl,Major,,,,,,,,,,2016
,2016-04-26,APRIL,Tinkerbell,팅커벨,ZANYBROS,Youtube,Girl,Major,,,,,,,,,,2016
,2016-02-29,CLC,High Heels,페페,ZANYBROS,Youtube,Girl,Major,,,,,,,,,,2016
Post,2016-05-29,CLC,No Oh Oh,아니야,,Youtube,Girl,Major,,,,,,,,,,2016
,2016-10-04,SF9,Fanfare,팡파레,VM Project,Youtube,Boy,Major,,,,,,,,,,2016
,2016-12-21,SF9,So Beautiful,너와 함께라면,,Youtube,Boy,Minor,,,,,,,,,,2016
,2016-05-17,MONSTA X,All In,걸어,Dee Shin,Youtube,Boy,Major,,,,,,,,,,2016
,2016-08-07,MONSTA X,Stuck,네게만 집착해,Vikings League,Youtube,Boy,Major,,,,,,,,,,2016
,2016-10-03,MONSTA X,Fighter,파이터,Dee Shin,Youtube,Boy,Major,,,,,,,,,,2016
,2016-05-29,iKON,#WYD,오늘 모해,,Youtube,Boy,Minor,,,,,,,,,,2016
,2016-01-31,WINNER,Baby Baby,베이비 베이비,FantazyLab,Youtube,Boy,Major,,,,,,,,,,2016
,2016-01-31,WINNER,Sentimental,센치해,Digipedi,Youtube,Boy,Major,,,,,,,,,,2016
,2016-01-31,WINNER,I'm Young,좋더라,,Youtube,Boy,Major,,,,,,,,,,2016
,2016-03-16,Red Velvet,One of These Nights,7월 7일,Shin Heewon,Youtube,Girl,Major,,,,,,,,,,2016
,2016-09-06,Red Velvet,Russian Roulette,러시안 룰렛,Shin Heewon,Youtube,Girl,Major,,,,,,,,,,2016
,2016-01-04,Dal Shabet,Someone Like U,너 같은,,Youtube,Girl,Major,,,,,,,,,,2016
,2016-09-28,Dal Shabet,FRI.SAT.SUN,금토일,Sunny Visual,Youtube,Girl,Major,,,,,,,,,,2016
,2016-06-14,DIA,On The Road,그 길에서,Tiger Cave,Youtube,Girl,Major,,,,,,,,,,2016
,2016-09-12,DIA,Mr. Potter,미스터포터,Tiger Cave,Youtube,Girl,Major,,,,,,,,,,2016
,2016-09-13,DIA,This Love,더럽,,Youtube,Girl,Minor,,,,,,,,,,2016
,2016-03-07,Snuper,Platonic Love,지켜줄게,LIKETHAT,Youtube,Boy,Major,,,,,,,,,,2016
,2016-07-11,Snuper,You=Heaven,너=천국,,Youtube,Boy,Major,,,,,,,,,,2016
,2016-11-13,Snuper,It's Raining,잇츠 레이닝,,Youtube,Boy,Major,,,,,,,,,,2016
,2016-11-08,VICTON,I'm Fine,아무렇지 않은 척,Tiger Cave,Youtube,Boy,Major,,,,,,,,,,2016
,2016-05-23,Tahiti,The Secret,알쏭달쏭,,Youtube,Girl,Major,,,,,,,,,,2016
,2016-05-03,AKMU,Re-Bye,리바이,,Youtube,Co-ed,Major,,,,,,,,,,2016
,2016-05-03,AKMU,How People Move,사람들이 움직이는 게,VM Project,Youtube,Co-ed,Major,,,,,,,,,,2016
,2016-01-17,Stellar,Sting,찔려,Digipedi,Youtube,Girl,Major,,,,,,,,,,2016
,2016-07-18,Stellar,Crying,펑펑울었어,Digipedi,Youtube,Girl,Major,,,,,,,,,,2016
,2016-01-17,Teen Top,Warning Sign,사각지대,,Youtube,Boy,Major,,,,,,,,,,2016
Post,2016-10-04,SHINee,1 of 1,원 오브 원,VISUALSFROM.,Youtube,Boy,Major,,,,,,,,,,2016
,2016-11-14,SHINee,Tell Me What To Do,텔 미 왓 투두,,Youtube,Boy,Major,,,,,,,,,,2016
Post,2016-04-08,NCT U,The 7th Sense,일곱 번째 감각,VM Project,Youtube,Boy,Major,,,,,,,,,,2016
Post,2016-04-09,NCT U,Without You,위드아웃유,,Youtube,Boy,Major,,,,,,,,,,2016
Post,2016-07-06,NCT 127,Firetruck,소방차,,Youtube,Boy,Major,,,,,,,,,,2016
Post,2016-08-24,NCT DREAM,Chewing Gum,츄잉껌,,Youtube,Boy,Major,,,,,,,,,,2016
,2016-12-20,NCT 127,Switch feat. SR15B,스위치,,Youtube,Boy,Minor,,,,,,,,,,2016
,2016-06-08,EXO,Lucky One,럭키 원,,Youtube,Boy,Major,,,,,,,,,,2016
Post,2016-06-08,EXO,Monster,몬스터,VM Project,Youtube,Boy,Major,,,,,,,,,,2016
,2017-01-01,Bonus Baby,Urikiri,우리끼리,,Youtube,Girl,Major,,,,,,,,,,2017
Post,2017-01-04,APRIL,April Story,봄의 나라 이야기,Naive,Youtube,Girl,Major,,,,,,,,,,2017
Post,2017-01-02,AOA,Excuse Me,익스큐즈 미,ZANYBROS,Youtube,Girl,Major,,,,,,,,,,2017
Post,2017-01-02,AOA,Bing Bing,빙빙,ZANYBROS,Youtube,Girl,Major,,,,,,,,,,2017
,2017-01-02,S.E.S,Paradise,한 폭의 그림,,Youtube,Girl,Major,,,,,,,,,,2017
,2017-01-01,S.E.S,Remember,리멤버,,Youtube,Girl,Minor,,,,,,,,,,2017
,2017-01-03,AKMU,Last Goodbye,오랜 날 오랜 밤,,Youtube,Co-ed,Major,,,,,,,,,,2017
Post,2017-01-04,WJSN,I Wish,너에게 닿기를,FantazyLab,Youtube,Girl,Major,,,,,,,,,,2017
,2017-01-04,TopSecret,She,쉬,ZANYBROS,Youtube,Boy,Major,,,,,,,,,,2017
,2017-01-05,Mixx,Love Is A Sudden,사랑은 갑자기,,Youtube,Girl,Major,,,,,,,,,,2017
Post,2017-01-05,NCT 127,Limitless,무한적아,ZANYBROS,Youtube,Boy,Major,,,,,,,,,,2017
,2017-01-06,DAY6,I Wait,아 왜,Naive,Youtube,Boy,Major,,,,,,,,,,2017
,2017-01-06,Shinhwa,Touch,터치,ZANYBROS,Youtube,Boy,Major,,,,,,,,,,2017
Post,2017-01-13,Dreamcatcher,Chase Me,체이스 미,Digipedi,Youtube,Girl,Major,,,,,,,,,,2017
Post,2017-01-09,Sonamoo,I Think I Love U,나 너 좋아해?,ZANYBROS,Youtube,Girl,Major,,,,,,,,,,2017
Post,2017-01-11,Hello Venus,Mysterious,미스테리어스,,Youtube,Girl,Major,,,,,,,,,,2017
,2017-01-16,LOONA,Kiss Later (Yeojin),키스는 다음에,Digipedi,Youtube,Girl,Major,,,,,,,,,,2017
Post,2017-01-17,CLC,Hobgoblin,도깨비,Vikings League,Youtube,Girl,Major,,,,,,,,,,2017
,2017-01-16,Niel,Love Affair,날 울리지마,,Youtube,Boy Solo,Major,,,,,,,,,,2017
,2017-01-15,Rain,The Best Present,최고의 선물,,Youtube,Boy Solo,Major,,,,,,,,,,2017
,2017-01-12,Jun.K,No Shadow,노쉐도우,Digipedi,Youtube,Boy Solo,Major,,,,,,,,,,2017
,2017-01-09,Ravi,Bomb,밤,Vikings League,Youtube,Boy Solo,Major,,,,,,,,,,2017
Post,2017-01-18,I.O.I,Downpour,소나기,,Youtube,Girl,Minor,,,,,,,,,,2017
,2017-01-17,Seohyun,Don't Say No,돈세이노,,Youtube,Girl Solo,Major,,,,,,,,,,2017
,2017-01-18,Park Kyung,When I'm With You feat. Brother Su,너 앞에서 나는,,Youtube,Boy Solo,Major,,,,,,,,,,2017
,2017-01-18,Kasper,Lean On Me,린온미,,Youtube,Girl Solo,Major,,,,,,,,,,2017
,2017-01-19,Kang Sira,Don't Wanna Forget,못 잊어,,Youtube,Girl Solo,Major,,,,,,,,,,2017
Post,2017-01-19,"Luna, Hani, Solar",Honey Bee,허니 비,Naive,Youtube,Girl,Special,,,,,,,,,,2017
,2017-01-12,I,I Wish feat. Tiger JK,간절히 바라면 이뤄질 거야,ZANYBROS,Youtube,Girl Solo,Major,,,,,,,,,,2017
,2017-01-23,Pentagon,Pretty Pretty,예쁨,,Youtube,Boy,Major,,,,,,,,,,2017
,2017-01-23,Jessi,Don't Make Me Cry,울리지마,,Youtube,Girl Solo,Major,,,,,,,,,,2017
,2017-01-24,Suzy,Yes No Maybe,예스노메이비,,Youtube,Girl Solo,Major,,,,,,,,,,2017
Post,2017-01-28,SHINee,Get The Treasure,겟더트레저,,Youtube,Boy,Japanese,,,,,,,,,,2017
Post,2017-02-01,Red Velvet,Rookie,루키,Shin Heewon,Youtube,Girl,Major,,,,,,,,,,2017
,2017-02-01,Rubber Soul,Freedom,프리덤,,Youtube,Girl,Major,,,,,,,,,,2017
,2017-01-25,MelodyDay,You Seem Busy feat. Ilhoon,바빠 보여요,Naive,Youtube,Girl,Minor,,,,,,,,,,2017
Post,2017-02-06,Block B,Yesterday,예스터데이,Tiger Cave,Youtube,Boy,Major,,,,,,,,,,2017
,2017-02-05,DAY6,You Were Beautiful,예뻤어,Naive,Youtube,Boy,Major,,,,,,,,,,2017
,2017-02-05,SF9,Roar,부르릉,VM Project,Youtube,Boy,Major,,,,,,,,,,2017
,2017-02-08,CROSS GENE,Black or White,블랙오어화이트,ZANYBROS,Youtube,Boy,Major,,,,,,,,,,2017
,2017-02-05,MASC,Tina,티나,,Youtube,Boy,Major,,,,,,,,,,2017
Post,2017-02-13,BTS,Spring Day,봄날,LUMPENS,Youtube,Boy,Major,,,,,,,,,,2017
,2017-02-13,B.I.G,"1,2,3",원투쓰리,Vikings League,Youtube,Boy,Major,,,,,,,,,,2017
,2017-02-09,NCT DREAM,My First and Last,마지막 첫사랑,,Youtube,Boy,Major,,,,,,,,,,2017
,2017-02-10,BEATWIN,Don't Leave,떠나지 말아요,,Youtube,Boy,Major,,,,,,,,,,2017
,2017-02-14,BIGFLO,Stardom,스타덤,,Youtube,Boy,Major,,,,,,,,,,2017
Post,2017-02-15,MelodyDay,Kiss On The Lips,키스 온 더 립스,Naive,Youtube,Girl,Major,,,,,,,,,,2017
Post,2017-02-16,KARD,Don't Recall,돈리콜,,Youtube,Co-ed,Major,,,,,,,,,,2017
,2017-02-18,Taeyeon,I Got Love,아이갓러브,,Youtube,Girl Solo,Major,,,,,,,,,,2017
Post,2017-02-20,Twice,Knock Knock,낙낙,Naive,Youtube,Girl,Major,,,,,,,,,,2017
Post,2017-02-20,BTS,Not Today,낫 투데이,GDW,Youtube,Boy,Major,,,,,,,,,,2017
,2017-02-22,100%,Sketch U,어디 있니,,Youtube,Boy,Major,,,,,,,,,,2017
,2017-02-18,VAV,Venus (Dance With Me),비너스,,Youtube,Boy,Major,,,,,,,,,,2017
Post,2017-02-27,gugudan,A Girl Like Me,나 같은 애,Digipedi,Youtube,Girl,Major,,,,,,,,,,2017
Post,2017-02-26,Lovelyz,WoW!,와우,Digipedi,Youtube,Girl,Major,,,,,,,,,,2017
,2017-01-17,100%,How To Cry,,,Youtube,Boy,Japanese,,,,,,,,,,2017
,2017-02-27,UP10TION,ID,,,Youtube,Boy,Japanese,,,,,,,,,,2017
,2017-02-27,HIGH4,Love Line,러브라인,,Youtube,Boy,Minor,,,,,,,,,,2017
,2017-02-26,IMFACT,Please Be My First Love,첫사랑을 부탁해,,Youtube,Boy,Minor,,,,,,,,,,2017
,2017-02-28,Taeyeon,Fine,파인,,Youtube,Girl Solo,Major,,,,,,,,,,2017
,2017-03-02,VICTON,Eyez Eyez,아이즈 아이즈,Tiger Cave,Youtube,Boy,Major,,,,,,,,,,2017
,2017-03-02,KARD,Don't Recall (Hidden ver.),돈리콜,,Youtube,Co-ed,English,,,,,,,,,,2017
Post,2017-03-06,GFRIEND,Fingertip,핑거팁,ZANYBROS,Youtube,Girl,Major,,,,,,,,,,2017
,2017-03-06,DAY6,How Can I Say,어떻게 말해,Naive,Youtube,Boy,Major,,,,,,,,,,2017
Post,2017-03-07,Brave Girls,Rollin',롤린,,Youtube,Girl,Major,,,,,,,,,,2017
Post,2017-03-07,B.A.P,Wake Me Up,웩미업,ZANYBROS,Youtube,Boy,Major,,,,,,,,,,2017
Post,2017-03-06,BtoB,Movie,무비,,Youtube,Boy,Major,,,,,,,,,,2017
Post,2017-03-13,GOT7,Never Ever,네버에버,,Youtube,Boy,Major,,,,,,,,,,2017
,2017-03-13,LOONA 1/3,Love&Live,"지금, 좋아해",,Youtube,Girl,Major,,,,,,,,,,2017
,2017-03-08,ROMEO,Without U,니가 없는데,ZANYBROS,Youtube,Boy,Major,,,,,,,,,,2017
Post,2017-03-21,Pristin,Wee Woo,위우,Naive,Youtube,Girl,Major,,,,,,,,,,2017
,2017-03-20,CNBLUE,Between Us,헷갈리게,,Youtube,Boy,Major,,,,,,,,,,2017
,2017-03-21,MONSTA X,Beautiful,아름다워,,Youtube,Boy,Major,,,,,,,,,,2017
,2017-03-20,Highlight,Plz Don't Be Sad,얼굴 찌푸리지 말아요,,Youtube,Boy,Major,,,,,,,,,,2017
,2017-03-13,Highlight,It's Still Beautiful,아름답다,,Youtube,Boy,Minor,,,,,,,,,,2017
,2017-03-16,Seven O'Clock,Echo,시계바늘,,Youtube,Boy,Major,,,,,,,,,,2017
,2017-03-12,MVP,Take It,선택해,,Youtube,Boy,Major,,,,,,,,,,2017
Post,2017-03-27,Girl's Day,I'll Be Yours,아윌비유얼즈,Digipedi,Youtube,Girl,Major,,,,,,,,,,2017
,2017-03-21,Apink,Bye Bye,바이 바이,,Youtube,Girl,Japanese,,,,,,,,,,2017
Post,2017-04-03,Oh My Girl,Coloring Book,컬러링북,,Youtube,Girl,Major,,,,,,,,,,2017
,2017-04-04,WINNER,Fool,풀,Jinooya,Youtube,Boy,Major,,,,,,,,,,2017
,2017-04-04,WINNER,Really Really,릴리릴리,Dave Meyers,Youtube,Boy,Major,,,,,,,,,,2017
,2017-03-30,Red Velvet,Would U,우드유,,Youtube,Girl,Minor,,,,,,,,,,2017
,2017-04-10,EXID,Night Rather Than Day,낮보다는 밤,Tiger Cave,Youtube,Girl,Major,,,,,,,,,,2017
,2017-04-10,Teen Top,Love Is,재밌어?,ZANYBROS,Youtube,Boy,Major,,,,,,,,,,2017
,2017-04-10,Jeong Eunji,The Spring,너란 봄,,Youtube,Girl Solo,Major,,,,,,,,,,2017
,2017-04-10,Miso,KKPP,낄끼빠빠,,Youtube,Girl Solo,Major,,,,,,,,,,2017
,2017-04-06,DAY6,I'm Serious,장난 아닌데,Naive,Youtube,Boy,Major,,,,,,,,,,2017
,2017-04-05,IMFACT,Tension Up,텐션업,,Youtube,Boy,Major,,,,,,,,,,2017
,2017-04-13,Wassup,Color TV,컬러 티비,,Youtube,Girl,Major,,,,,,,,,,2017
,2017-04-13,Zico,She's A Baby,쉬스어베이비,,Youtube,Boy Solo,Minor,,,,,,,,,,2017
,2017-04-13,Kisum,Sleep Tight feat. Gilgubonggu,잘자,,Youtube,Girl Solo,Minor,,,,,,,,,,2017
,2017-04-16,Berry Good,BibbidiBobbidiBoo,비비디바비디부,,Youtube,Girl,Major,,,,,,,,,,2017
,2017-04-16,LABOUM,Hwi Hwi,휘휘,,Youtube,Girl,Major,,,,,,,,,,2017
,2017-04-16,Minzy,Ninano feat. Flowsik,니나노,Tiger Cave,Youtube,Girl Solo,Major,,,,,,,,,,2017
,2017-04-16,LOONA,Everyday I Love You (Vivi),에브리데이 아이 러브 유,Digipedi,Youtube,Girl,Minor,,,,,,,,,,2017
,2017-04-17,SF9,Easy Love,쉽다,August Frogs,Youtube,Boy,Major,,,,,,,,,,2017
,2017-04-18,DIA,Will You Go Out With Me,나랑 사귈래,,Youtube,Girl,Major,,,,,,,,,,2017
,2017-04-18,Apink,Always,얼웨이즈,,Youtube,Girl,Minor,,,,,,,,,,2017
,2017-04-20,Bonus Baby,If I Become An Adult,어른이 된다면,,Youtube,Girl,Major,,,,,,,,,,2017
,2018-01-02,TRCNG,Wolf Baby,울프베이비,,Youtube,Boy,Major,,,,,,,,,,2018
,2018-01-03,N.Flying,Hot Potato,뜨거운 감자,,Youtube,Boy,Major,,,,,,,,,,2018
Post,2018-01-03,Momoland,BBoom BBoom,뿜뿜,C.crew creative,Youtube,Girl,Major,,,,,,,,,,2018
,2018-01-02,Drug Restaurant,Her,헐,,Youtube,Boy,Major,,,,,,,,,,2018
Post,2018-01-09,Oh My Girl,Secret Garden,비밀정원,,Youtube,Girl,Major,,,,,,,,,,2018
,2018-01-11,Twice,Candy Pop,캔디팝,Naive,Youtube,Girl,Japanese,,,,,,,,,,2018
,2018-01-08,Infinite,Tell Me,텔미,,Youtube,Boy,Major,,,,,,,,,,2018
,2018-01-08,Block B,Don't Leave,떠나지마요,,Youtube,Boy,Major,,,,,,,,,,2018
,2018-01-09,MONSTA X,Spotlight,스포트라이트,,Youtube,Boy,Japanese,,,,,,,,,,2018
,2018-01-10,MXM,Diamond Girl,다이아몬드걸,,Youtube,Boy,Minor,,,,,,,,,,2018
,2018-01-10,Jo Kwon,Lonely,새벽,,Youtube,Boy Solo,Minor,,,,,,,,,,2018
,2018-01-08,Jang Wooyoung,Going Going,고잉고잉,,Youtube,Boy Solo,Minor,,,,,,,,,,2018
,2018-02-21,Weki Meki,La La La,라라라,,Youtube,Girl,Major,,,,,,,,,,2018
,2018-02-21,VROMANCE,Star,별,,Youtube,Boy,Major,,,,,,,,,,2018
,2018-02-20,I.M (Monsta X),Fly With Me,플라이위드미,,Youtube,Boy Solo,Minor,,,,,,,,,,2018
,2018-02-20,BoA,"One Shot, Two Shot",원샷 투샷,,Youtube,Girl Solo,Major,,,,,,,,,,2018
,2018-02-19,Yang Yoseop,Where I Am Gone,네가 없는 곳,,Youtube,Boy Solo,Major,,,,,,,,,,2018
,2018-02-18,NCT U,BOSS,보스,,Youtube,Boy,Major,,,,,,,,,,2018
,2018-02-18,Boyfriend,Try My Wings,트라이 마이 윙스,,Youtube,Boy,Japanese,,,,,,,,,,2018
,2018-02-15,Kino (Pentagon),Lonely,론리,,Youtube,Boy Solo,Minor,,,,,,,,,,2018
,2018-02-14,Suzy,SObeR,소버,,Youtube,Girl Solo,Major,,,,,,,,,,2018
,2018-01-29,Suzy,Holiday feat. DPR LIVE,홀리데이,VISUALSFROM.,Youtube,Girl Solo,Major,,,,,,,,,,2018
,2018-02-13,Park Boram,Will Be Fine,애쓰지 마요,,Youtube,Girl Solo,Major,,,,,,,,,,2018
,2018-02-12,Roy Kim,Only Then,그때 헤어지면 돼,,Youtube,Boy Solo,Major,,,,,,,,,,2018
,2018-02-12,Yang Yoseop,Star,별,,Youtube,Boy Solo,Major,,,,,,,,,,2018
,2018-02-10,VAV,Gorgeous,예쁘다고,,Youtube,Boy,Major,,,,,,,,,,2018
,2018-02-07,"Naeun, Jinsol (APRIL)",My Story,내 이야기,,Youtube,Girl,Minor,,,,,,,,,,2018
,2018-02-07,Hong Jinyoung,Good Bye,잘가라,,Youtube,Girl Solo,Major,,,,,,,,,,2018
,2018-02-06,CoCoSoRi,Mi Amor,미아모르,,Youtube,Girl,Major,,,,,,,,,,2018
,2018-02-06,Hyolyn,To Do List,내일할래,,Youtube,Girl Solo,Major,,,,,,,,,,2018
,2018-02-06,MONSTA X,In Time,인타임,,Youtube,Boy,Minor,,,,,,,,,,2018
,2018-02-05,DAY6,If We Can Meet Again,If ～また逢えたら～,,Youtube,Boy,Japanese,,,,,,,,,,2018
,2018-02-05,SEVENTEEN,Thanks,고맙다,,Youtube,Boy,Major,,,,,,,,,,2018
,2018-02-04,100%,Song For You,송포유,,Youtube,Boy,Japanese,,,,,,,,,,2018
,2018-02-03,BLACKSIX,Alone,쓸쓸해,,Youtube,Boy,Minor,,,,,,,,,,2018
,2018-02-02,Henry,Monster,몬스터,,Youtube,Boy,English,,,,,,,,,,2018
,2018-02-01,Davichi,Just The Two Of Us,우리 둘,,Youtube,Girl,Major,,,,,,,,,,2018
,2018-02-01,gugudan,The Boots,더 부츠,Purple Straw Film,Youtube,Girl,Major,,,,,,,,,,2018
,2018-01-31,14U,Don't Be Pretty,예뻐지지마,,Youtube,Boy,Major,,,,,,,,,,2018
,2018-01-31,BoA,Nega Dola,내가 돌아,,Youtube,Girl Solo,Major,,,,,,,,,,2018
,2018-01-31,Soya,Show,쇼,,Youtube,Girl Solo,Major,,,,,,,,,,2018
,2018-01-29,Risso,Alergy,알러지,,Youtube,Girl Solo,Minor,,,,,,,,,,2018
,2018-01-29,LOONA,One&Only (GoWon),원 앤 온리,,Youtube,Girl,Major,,,,,,,,,,2018
,2018-01-29,DEAN,instagram,인스타그램,,Youtube,Boy Solo,Major,,,,,,,,,,2018
,2018-01-29,Golden Child,It's You,너라고,,Youtube,Boy,Major,,,,,,,,,,2018
,2018-01-29,Red Velvet,Bad Boy,배드보이,Flexible Pictures,Youtube,Girl,Major,,,,,,,,,,2018
,2018-01-28,VAV,Spotlight,스팟라잇,,Youtube,Boy,Major,,,,,,,,,,2018
,2018-01-25,iKON,Love Scenario,사랑을 했다,,Youtube,Boy,Major,,,,,,,,,,2018
,2018-01-24,fromis_9,To Heart,투하트,VISUALSFROM.,Youtube,Girl,Major,,,,,,,,,,2018
,2018-01-24,Jeong Sewoon,Baby It's U,베이비잇츄,,Youtube,Boy Solo,Major,,,,,,,,,,2018
,2018-01-23,Target,Awake,어웨이크,,Youtube,Boy,Major,,,,,,,,,,2018
,2018-01-23,Jonghyun,Before Our Spring,우린 봄이 오기 전에,,Youtube,Boy Solo,Major,,,,,,,,,,2018
,2018-01-22,Jonghyun,Shinin',빛이 나,HIGHQUALITYFISH,Youtube,Boy Solo,Major,,,,,,,,,,2018
,2018-01-22,Ravi,Nirvana feat. Park Jimin,너바나,,Youtube,Boy Solo,Major,,,,,,,,,,2018
,2018-01-22,Suzy,In Love With Someone Else,다른사람을 사랑하고 있어,,Youtube,Girl Solo,Minor,,,,,,,,,,2018
,2018-03-21,Honey Popcorn,Bibidi Babidi Boo,비비디바비디부,,Youtube,Girl,Major,,,,,,,,,,2018
,2018-03-21,SEVENTEEN,Just Do It (BSS),거침없이,,Youtube,Boy,Minor,,,,,,,,,,2018
,2018-03-20,SF9,Together,투게더,,Youtube,Boy,Minor,,,,,,,,,,2018
Post,2018-03-19,Wanna One,Boomerang,부메랑,,Youtube,Boy,Major,,,,,,,,,,2018
,2018-03-17,Tweety,Bad Boy,배드 보이,,Youtube,Girl,Major,,,,,,,,,,2018
,2018-03-15,FTISLAND,Hold The Moon,,,Youtube,Boy,Japanese,,,,,,,,,,2018
,2018-03-15,UP10TION,Candyland,캔디랜드,Naive,Youtube,Boy,Major,,,,,,,,,,2018
,2018-03-14,Hoya,Angel,앤젤,,Youtube,Boy Solo,Minor,,,,,,,,,,2018
,2018-03-13,NCT 127,Touch,터치,Kim 'Oui Kim' Seonguk,Youtube,Boy,Major,,,,,,,,,,2018
,2018-03-13,Golden Child,Lady,레이디,,Youtube,Boy,Major,,,,,,,,,,2018
,2018-03-12,Bubble X,Follow,팔로우,,Youtube,Girl,Major,,,,,,,,,,2018
,2018-03-12,GOT7,Look,룩,,Youtube,Boy,Major,,,,,,,,,,2018
,2018-03-12,APRIL,The Blue Bird,파랑새,Naive,Youtube,Girl,Major,,,,,,,,,,2018
,2018-03-11,HEYNE,Insomnia,잠이 오지 않아,,Youtube,Girl Solo,Major,,,,,,,,,,2018
,2018-03-08,Marmello,Wake Me Up,웩미업,,Youtube,Girl,Major,,,,,,,,,,2018
,2018-03-08,ONF,Difficult,디피컬트,,Youtube,Boy,Minor,,,,,,,,,,2018
,2018-03-08,Heize,Didn't Know Me,내가 더 나빠,,Youtube,Girl Solo,Major,,,,,,,,,,2018
,2018-03-08,Heize,Jenga feat. Gaeko,젠가,,Youtube,Girl Solo,Major,,,,,,,,,,2018
,2018-03-07,Sojung (Ladies' Code),Stay Here,스테이 히어,,Youtube,Girl Solo,Major,,,,,,,,,,2018
Post,2018-03-06,Mamamoo,Star Wind Flower Sun,별 바람 꽃 태양,,Youtube,Girl,Minor,,,,,,,,,,2018
Post,2018-03-07,Mamamoo,Starry Night,별이 빛나는 밤,,Youtube,Girl,Major,,,,,,,,,,2018
,2018-03-06,MXM,Gone Cold,식어버린 온도,,Youtube,Boy,Major,,,,,,,,,,2018
Post,2018-03-05,Wanna One,I.P.U,약속해요,,Youtube,Boy,Minor,,,,,,,,,,2018
,2018-03-04,NCT DREAM,GO,고,,Youtube,Boy,Major,,,,,,,,,,2018
,2018-03-01,j-hope,Daydream,백일몽,,Youtube,Boy Solo,Major,,,,,,,,,,2018
,2018-03-06,j-hope,Airplane,에어플레인,,Youtube,Boy Solo,Minor,,,,,,,,,,2018
,2018-02-28,Red Velvet,I Just,아이 저스트,,Youtube,Girl,Minor,,,,,,,,,,2018
,2018-02-28,Jeon Soyeon,Idle Song,아이들 쏭,,Youtube,Girl Solo,Minor,,,,,,,,,,2018
,2018-02-26,SF9,Mamma Mia,맘마미아,Purple Straw Film,Youtube,Boy,Major,,,,,,,,,,2018
,2018-02-15,N.tic,Once Again,원스 어게인,,Youtube,Boy,Major,,,,,,,,,,2018
Post,2018-04-09,Twice,What Is Love?,웟이즈러브,Naive,Youtube,Girl,Major,,,,,,,,,,2018
,2018-04-12,Baby Boo,Kiss Me,키스미,,Youtube,Girl,Major,,,,,,,,,,2018
Post,2018-04-12,Super Junior,Lo Siento feat. Leslie Grace,로시엔토,Tiger Cave,Youtube,Boy,Major,,,,,,,,,,2018
,2018-04-11,Eric Nam,Honestly…,솔직히,,Youtube,Boy Solo,Major,,,,,,,,,,2018
,2018-04-11,Yoo Seonho,Maybe Spring,봄이 오면,,Youtube,Boy Solo,Major,,,,,,,,,,2018
,2018-04-10,JooYoung,Daydream,데이드림,,Youtube,Boy Solo,Major,,,,,,,,,,2018
,2018-04-10,EXO-CBX,Blooming Day,花요일,,Youtube,Boy,Major,,,,,,,,,,2018
,2018-04-09,Gunmin X Heedo (B.I.G),Don't Worry,돈워리,,Youtube,Boy,Minor,,,,,,,,,,2018
,2018-04-09,Eric Nam,Potion feat. Woodie Gochild,포션,,Youtube,Boy Solo,Major,,,,,,,,,,2018
,2018-04-08,NOIR,Gangsta,갱스타,,Youtube,Boy,Major,,,,,,,,,,2018
,2018-04-07,UNB,Feeling,감각,,Youtube,Boy,Major,,,,,,,,,,2018
,2018-04-05,YDPP,Love It Live It,러빗리빗,,Youtube,Boy,Major,,,,,,,,,,2018
,2018-04-05,Badkiz,Just One Day,딱 하루,,Youtube,Girl,Major,,,,,,,,,,2018
,2018-04-06,Ten (NCT),New Heroes,뉴 히어로즈,,Youtube,Boy Solo,Special,,,,,,,,,,2018
,2018-04-06,GreatGuys,Ganda,간다,,Youtube,Boy,Major,,,,,,,,,,2018
Post,2019-01-05,Red Velvet,Sappy,,ETUI,Youtube,Girl,Japanese,,,,,,,,,,2019
,2019-01-04,Ryeowook,Drunk in the Morning,취해,,Youtube,Boy Solo,Minor,,,,,,,,,,2019
,2019-01-04,Mfect,Designer,디자이너,,Youtube,Boy,Major,,,,,,,,,,2019
Post,2019-01-04,M.O.N.T,Will you be my girlfriend?,사귈래 말래?,,Youtube,Boy,Major,,,,,,,,,,2019
,2019-01-03,Luna,Even So,운다고,,Youtube,Girl Solo,Major,,,,,,,,,,2019
,2019-01-02,Dreamnote,I Like You,좋아하나봐,,Youtube,Girl,Special,,,,,,,,,,2019
,2019-01-02,N.Flying,Rooftop,옥탑방,,Youtube,Boy,Major,,,,,,,,,,2019
,2019-01-02,Chungha,Gotta Go,벌써 12시,,Youtube,Girl Solo,Major,,,,,,,,,,2019
,2019-01-01,Ryeowook,I'm not over you,너에게,,Youtube,Boy Solo,Major,,,,,,,,,,2019
Post,2019-01-07,Apink,Eung Eung,응응,Tiger Cave,Youtube,Girl,Major,,,,,,,,,,2019
Post,2019-01-07,iKON,I'm OK,아임 오케이,VM Project,Youtube,Boy,Major,,,,,,,,,,2019
,2019-01-07,KNK,Lonely Night,,C.crew creative,Youtube,Boy,Major,,,,,,,,,,2019
Post,2019-01-08,WJSN,La La Love,라 라 러브,Vikings League,Youtube,Girl,Major,,,,,,,,,,2019
,2019-01-08,Dreamcatcher,July 7th,약속해 우리,,Youtube,Girl,Special,,,,,,,,,,2019
,2019-01-08,Luna,Do You Love Me feat. George,,,Youtube,Girl Solo,Minor,,,,,,,,,,2019
,2019-01-08,Pentagon,COSMO,,ZANYBROS,Youtube,Boy,Japanese,,,,,,,,,,2019
Post,2019-01-14,GFRIEND,Sunrise,해야,VIKINGS LEAGUE,Youtube,Girl,Major,,,,,,,,,,2019
,2019-01-10,Twice,Likey,,Naive,Youtube,Girl,Japanese,,,,,,,,,,2019
,2019-01-09,G-reyish,Candy,캔디,,Youtube,Girl,Major,,,,,,,,,,2019
,2019-01-09,Luna,Bye Bye,안녕 이대로 안녕,,Youtube,Girl,Minor,,,,,,,,,,2019
,2019-01-09,Oneus,Valkyrie,발키리,ZANYBROS,Youtube,Boy,Major,,,,,,,,,,2019
,2019-01-09,Verivery,Ring Ring Ring,불러줘,,Youtube,Boy,Major,,,,,,,,,,2019
,2019-01-16,Astro,All Night,전화해,,Youtube,Boy,Major,,,,,,,,,,2019
,2019-01-16,April,Oh-eh-oh,,,Youtube,Girl,Japanese,,,,,,,,,,2019
,2019-01-15,HUTA,Ya,,,Youtube,Boy Solo,Major,,,,,,,,,,2019
Post,2019-01-15,ATEEZ,Say My Name,,Flipevil,Youtube,Boy,Major,,,,,,,,,,2019
,2019-01-15,Nature,Dream About U,꿈꿨어,,Youtube,Girl,Major,,,,,,,,,,2019
,2019-01-15,Favorite,Loca,,,Youtube,Girl,Major,,,,,,,,,,2019
,2019-01-14,Lu:kus,FAKER,,,Youtube,Boy,Major,,,,,,,,,,2019
,2019-01-21,Seventeen,Home,,,Youtube,Boy,Major,,,,,,,,,,2019
Post,2019-01-21,Cherry Bullet,Q&A,큐앤에이,FantazyLab,Youtube,Girl,Major,,,,,,,,,,2019
,2019-01-19,Hyomin,U Um U Um,으음으음,,Youtube,Girl Solo,Major,,,,,,,,,,2019
,2019-01-22,MustB,I Want U,,,Youtube,Boy,Major,,,,,,,,,,2019
,2019-01-28,CoCo,TalkTalk,톡톡,,Youtube,Girl,Major,,,,,,,,,,2019
,2019-01-27,Snuper,Weekend Secret,,,Youtube,Boy,Japanese,,,,,,,,,,2019
,2019-01-24,IZ*ONE,Suki to Iwasetai,,,Youtube,Girl,Japanese,,,,,,,,,,2019
,2019-01-24,IMFACT,Only U,온리 유,,Youtube,Boy,Major,,,,,,,,,,2019
,2019-01-30,CLC,No,노,,Youtube,Girl,Major,,,,,,,,,,2019
,2019-01-29,NeonPunch,TicToc,,,Youtube,Girl,Major,,,,,,,,,,2019
,2019-02-11,TST,Wake Up,,,Youtube,Boy,Major,,,,,,,,,,2019
,2019-02-11,Taemin,WANT,,Rigend Film,Youtube,Boy Solo,Major,,,,,,,,,,2019
,2019-01-31,Hi Cutie,Valentine's Day,발렌타인데이,,Youtube,Girl,Special,,,,,,,,,,2019
Post,2019-02-10,ITZY,DALLA DALLA,달라달라,Naive,Youtube,Girl,Major,,,,,,,,,,2019
,2019-02-08,Pierce,Shadow,그림자,,Youtube,Girl,Major,,,,,,,,,,2019
,2019-02-08,Koyote,Fact,팩트,,Youtube,Co-ed,Major,,,,,,,,,,2019
,2019-02-07,Twice,What is Love? -Japanese ver.-,,Naive,Youtube,Girl,Japanese,,,,,,,,,,2019
,2019-02-07,ONF,We Must Love,사랑하게 될 거야,,Youtube,Boy,Major,,,,,,,,,,2019
,2019-02-06,Lafee,Hello,,,Youtube,Girl Solo,Major,,,,,,,,,,2019
,2019-02-05,Yesung,Because I Love You,,,Youtube,Boy Solo,Japanese,,,,,,,,,,2019
,2019-01-31,N.Flying,Stand by me,,,Youtube,Boy,Japanese,,,,,,,,,,2019
,2019-02-04,Mamamoo,Wind flower -Japanese ver.-,,,Youtube,Girl,Japanese,,,,,,,,,,2019
,2019-02-01,VIXX,Walking,걷고있다,,Youtube,Boy,Special,,,,,,,,,,2019
,2019-02-22,Yukika,Neon,네온,,Youtube,Girl Solo,Major,,,,,,,,,,2019
,2019-02-10,FTISLAND,God Bless You,,,Youtube,Boy,Japanese,,,,,,,,,,2019
,2019-02-21,Seven O'clock,Get Away,,,Youtube,Boy,Major,,,,,,,,,,2019
,2019-02-20,U Sung Eun,Deep,,,Youtube,Girl Solo,Major,,,,,,,,,,2019
,2019-02-20,SF9,Enough,예뻐지지,ZANYBROS,Youtube,Boy,Major,,,,,,,,,,2019
,2019-02-20,Hyomin,Allure,,,Youtube,Girl Solo,Major,,,,,,,,,,2019
,2019-02-19,Wanna.B,Leggo,,Eyelance,Youtube,Girl,Major,,,,,,,,,,2019
,2019-02-19,The Pink Lady,God Girl,,,Youtube,Girl,Major,,,,,,,,,,2019
,2019-02-19,Trei,Gravity,,,Youtube,Boy,Major,,,,,,,,,,2019
,2019-02-19,(G)I-dle,Blow Your Mind,,,Youtube,Girl,Minor,,,,,,,,,,2019
Post,2019-02-19,LOONA,Butterfly,,,Youtube,Girl,Major,,,,,,,,,,2019
,2019-02-18,Miso,On and On,온앤온,,Youtube,Girl Solo,Major,,,,,,,,,,2019
,2019-02-18,Nichkhun,Lucky Charm,,,Youtube,Boy Solo,Minor,,,,,,,,,,2019
Post,2019-02-18,MONSTA X,Alligator,엘리게이터,,Youtube,Boy,Major,,,,,,,,,,2019
,2019-02-13,9Muses,Remember,,,Youtube,Girl,Special,,,,,,,,,,2019
,2019-03-05,Dreamcatcher,And There Was Noone Left,그리고 아무도 없었다,,Youtube,Girl,Special,,,,,,,,,,2019
,2019-03-05,Ravi,Tuxedo,,,Youtube,Boy Solo,Major,,,,,,,,,,2019
,2019-03-05,DALsooobin,Katchup,케첩,,Youtube,Girl Solo,Major,,,,,,,,,,2019
,2019-03-04,MONSTA X,Shoot Out (Japanese),,,Youtube,Boy,Japanese,,,,,,,,,,2019
,2019-03-04,Jang Dongwoo,News,,,Youtube,Boy Solo,Major,,,,,,,,,,2019
,2019-03-04,Jang Dongwoo,Party Girl,,,Youtube,Boy Solo,Major,,,,,,,,,,2019
Post,2019-03-04,TXT,Crown,어느날 머리에서 뿔이 자랐다,Lumpens,Youtube,Boy,Major,,,,,,,,,,2019
,2019-03-04,Jisook,Big Dipper,널 보내주러 가는 길,Cinefiti,Youtube,Girl Solo,Minor,,,,,,,,,,2019
,2019-03-03,Key,I Wanna Be feat. Soyeon,,,Youtube,Boy Solo,Major,,,,,,,,,,2019
,2019-03-03,Jus2,Focus On Me,,,Youtube,Boy,Major,,,,,,,,,,2019
,2019-03-03,GFRIEND,Flower,,,Youtube,Girl,Japanese,,,,,,,,,,2019
,2019-03-01,Super Junior,Ahora Te Puedes Marchar',,,Youtube,Boy,Special,,,,,,,,,,2019
,2019-02-27,SUV,Cheer Man,치어맨,,Youtube,Boy,Special,,,,,,,,,,2019
,2019-02-27,Yoochun,Slow Dance,,,Youtube,Boy Solo,Major,,,,,,,,,,2019
Post,2019-02-26,(G)I-dle,Senorita,세뇨리따,,Youtube,Girl,Major,,,,,,,,,,2019
,2019-02-25,Giant Pink,Mirror Mirror,,,Youtube,Girl Solo,Major,,,,,,,,,,2019
,2019-02-24,Boyfriend,Stay The Way You Are,,,Youtube,Boy,Japanese,,,,,,,,,,2019
,2019-03-18,Shafla,You’ve changed,요즘 너 달라,,Youtube,Girl,Major,,,,,,,,,,2019
,2019-03-18,NCT 127,Wakey-Wakey,,,Youtube,Boy,Japanese,,,,,,,,,,2019
Post,2019-03-18,Everglow,Bon Bon Chocolat,봉봉쇼콜라,SUNNYVISUAL,Youtube,Girl,Major,,,,,,,,,,2019
,2019-03-14,Yeri,Dear Diary,,,Youtube,Girl Solo,Minor,,,,,,,,,,2019
Post,2019-03-14,Mamamoo,gogobebe,고고베베,,Youtube,Girl,Major,,,,,,,,,,2019
,2019-03-06,S.I.S,Always Be Your Girl,너의 소녀가 되어줄게,,Youtube,Girl,Major,,,,,,,,,,2019
,2019-03-13,GWSN,Pinky Star (RUN),핑키스타,FantazyLab,Youtube,Girl,Major,,,,,,,,,,2019
,2019-03-12,Dreamnote,Hakuna Matata,하쿠나 마타타,,Youtube,Girl,Major,,,,,,,,,,2019
,2019-03-11,Dreamcatcher,Piri (Japanese ver.),笛を吹け,,Youtube,Girl,Japanese,,,,,,,,,,2019
,2019-03-09,Hi Cutie,White Day,화이트데이,,Youtube,Girl,Special,,,,,,,,,,2019
,2019-03-08,SF9,Enough -Japanese ver.-,,,Youtube,Boy,Japanese,,,,,,,,,,2019
,2019-03-08,Hong Jinyoung,Love Tonight,오늘 밤에,,Youtube,Girl Solo,Major,,,,,,,,,,2019
,2019-03-06,ASTIN,Mirror Mirror,,,Youtube,Boy,Major,,,,,,,,,,2019
,2019-03-13,Park Bom,Spring,봄,,Youtube,Girl Solo,Major,,,,,,,,,,2019
,2019-03-06,R.Tee x Anda,What You Waiting For,뭘 기다리고 있어,,Youtube,Co-ed,Major,,,,,,,,,,2019
,2019-03-06,H.B.Y,Bbang,지구뿌셔,,Youtube,Boy,Major,,,,,,,,,,2019
,2020-01-08,Amber Liu,Stay Calm,,,Youtube,Girl Solo,Major,,,,,,,,,,2020
,2020-01-09,Ong Seung Wu,We Belong,,,Youtube,Boy Solo,Major,,,,,,,,,,2020
,2020-01-08,DreamNote,Wish,바라다,,Youtube,Girl,Major,,,,,,,,,,2020
,2020-01-07,Verivery,Lay Back,,,Youtube,Boy,Major,,,,,,,,,,2020
,2020-01-07,Red Velvet,Remember Forever,,,Youtube,Girl,Minor,,,,,,,,,,2020
,2020-01-06,B.O.Y,My Angel,,,Youtube,Boy,Major,,,,,,,,,,2020
,2020-01-06,Dustin,Burn,,,Youtube,Boy,Major,,,,,,,,,,2020
,2020-01-06,Younha,Dark Cloud,먹구름,,Youtube,Girl Solo,Major,,,,,,,,,,2020
,2020-01-06,ATEEZ,Answer,,Flipevil,Youtube,Boy,Major,,,,,,,,,,2020
,2020-01-05,SF9,Good Guy,,Digipedi,Youtube,Boy,Major,,,,,,,,,,2020
,2020-01-04,M.O.N.T,Tired,피곤,,Youtube,Boy,Major,,,,,,,,,,2020
,2020-01-02,MCND,Top Gang,,,Youtube,Boy,Major,,,,,,,,,,2020
,2020-01-02,TST,Count down,,,Youtube,Boy,Major,,,,,,,,,,2020
,2020-01-01,DONGKIZ,All I Need is You,,,Youtube,Boy,Major,,,,,,,,,,2020
,2020-01-23,"Dynamic Duo, Chen (EXO)",Alone,혼자,,Youtube,Boy,Special,,,,,,,,,,2020
,2020-01-23,Super Junior,I Think I (Japanese ver.),,,Youtube,Boy,Japanese,,,,,,,,,,2020
,2020-01-21,"Paul Kim, Chungha",Loveship,,,Youtube,Co-ed,Special,,,,,,,,,,2020
,2020-01-20,Kiara,Boss,,,Youtube,Girl Solo,Major,,,,,,,,,,2020
,2020-01-17,OnlyOneOf,meSAGE,,,Youtube,Boy,Minor,,,,,,,,,,2020
,2020-01-17,BTS,Black Swan,,,Youtube,Boy,Minor,,,,,,,,,,2020
,2020-01-15,CRAXY,My Universe,,,Youtube,Girl,Minor,,,,,,,,,,2020
,2020-01-15,TVXQ!,Manazashi,,,Youtube,Boy,Japanese,,,,,,,,,,2020
,2020-01-15,Taeyeon,Dear Me,내게 들려주고 싶은 말,,Youtube,Girl Solo,Major,,,,,,,,,,2020
Post,2020-01-14,TXT,Run Away (Japanese Ver.),9と4分の3番線で君を待つ,,Youtube,Boy,Japanese,,,,,,,,,,2020
,2020-01-13,2Z,My 1st Hero,,,Youtube,Boy,Major,,,,,,,,,,2020
,2020-01-13,Zico,Anysong,아무노래,,Youtube,Boy Solo,Major,,,,,,,,,,2020
,2020-01-12,Hara,Hello,,,Youtube,Girl Solo,Japanese,,,,,,,,,,2020
,2020-01-12,ENOi,Cheeky,,,Youtube,Boy,Major,,,,,,,,,,2020
,2020-01-10,ANS,Say My Name,,,Youtube,Girl,Major,,,,,,,,,,2020
Post,2020-02-03,cignature,Nun Nu Nan Na,눈누난나,,Youtube,Girl,Major,,,,,,,,,,2020
,2020-02-03,DKB,Sorry Mama,미안해 엄마,,Youtube,Boy,Major,,,,,,,,,,2020
Post,2020-02-03,Everglow,Dun Dun,,,Youtube,Girl,Major,,,,,,,,,,2020
Post,2020-02-03,GFRIEND,Crossroads,교차로,,Youtube,Girl,Major,,,,,,,,,,2020
,2020-02-02,Kim Jaehwan,Goodbye,안녕,,Youtube,Boy Solo,Major,,,,,,,,,,2020
,2020-01-30,Yezi,My Gravity,,,Youtube,Girl Solo,Major,,,,,,,,,,2020
,2020-01-29,ATEEZ,Answer (Japanese Ver.),,Flipevil,Youtube,Boy,Japanese,,,,,,,,,,2020
,2020-01-29,Golden Child,Without You,,ZANYBROS,Youtube,Boy,Major,,,,,,,,,,2020
,2020-01-28,Siyeon (Dreamcatcher),Paradise,,,Youtube,Girl Solo,Special,,,,,,,,,,2020
,2020-01-28,SECHSKIES,All For You,,,Youtube,Boy,Major,,,,,,,,,,2020
Post,2020-01-28,Super Junior,2YA2YAO!,,,Youtube,Boy,Major,,,,,,,,,,2020
,2020-01-24,Nature,I'm So Pretty (Japanese ver.),,,Youtube,Girl,Japanese,,,,,,,,,,2020
Post,2020-02-05,LOONA,So What,,Digipedi,Youtube,Girl,Major,,,,,,,,,,2020
,2020-02-06,iKON,Dive,뛰어들게,,Youtube,Boy,Major,,,,,,,,,,2020
,2020-02-06,BVNDIT,Cool,,,Youtube,Girl,Special,,,,,,,,,,2020
,2020-02-04,Mamamoo,HIP -Japanese ver.-,,,Youtube,Girl,Japanese,,,,,,,,,,2020
,2020-02-05,SAAY,Winter feat. WOO,,,Youtube,Girl Solo,Major,,,,,,,,,,2020
,2020-02-12,Sumin+Zion.T,Dirty Love,더럽게,,Youtube,Special,Major,,,,,,,,,,2020
,2020-02-12,BLACK6IX,Call My Name,,,Youtube,Boy,Major,,,,,,,,,,2020
,2020-02-12,KARD,Red Moon,,ZANYBROS,Youtube,Co-ed,Major,,,,,,,,,,2020
,2020-02-11,AlphaBAT,Again,불러본다,,Youtube,Boy,Special,,,,,,,,,,2020
,2020-02-11,Pentagon,Dr. Bebe,Dr. 베베,ZANYBROS,Youtube,Boy,Major,,,,,,,,,,2020
Post,2020-02-11,Cherry Bullet,Hands Up,무릎을 탁 치고,,Youtube,Girl,Major,,,,,,,,,,2020
Post,2020-02-10,Rocket Punch,Bouncy,바운시,ZANYBROS,Youtube,Girl,Major,,,,,,,,,,2020
,2020-02-09,The Boyz,Reveal,,,Youtube,Boy,Major,,,,,,,,,,2020
,2020-02-08,Sunmi,Gotta Go,가라고,,Youtube,Girl Solo,OST,,,,,,,,,,2020
,2020-02-18,Dreamcatcher,Scream,,,Youtube,Girl,Major,,,,,,,,,,2020
,2020-02-18,HighSchool,Timing,타이밍,,Youtube,Girl,Major,,,,,,,,,,2020
Post,2020-02-17,IZ*One,Fiesta,,Rigend Film,Youtube,Girl,Major,,,,,,,,,,2020
,2020-02-13,AB6IX,Moondance (Jeon Woong),,Desert Beagle,Youtube,Boy,Special,,,,,,,,,,2020
Post,2020-02-21,BTS,ON (Come Prima),온,Lumpens,Youtube,Boy,Major,,,,,,,,,,2020
,2020-02-21,ELRIS,This is me (Dance Ver.),,,Youtube,Girl,Minor,,,,,,,,,,2020
,2020-02-21,Moon,Woo,,,Youtube,Girl Solo,Major,,,,,,,,,,2020
,2020-02-21,3YE,Queen,퀸,,Youtube,Girl,Major,,,,,,,,,,2020
Post,2020-02-20,Weki Meki,Dazzle Dazzle,대즐대즐,,Youtube,Girl,Major,,,,,,,,,,2020
,2020-02-20,AB6IX,More (Kim Donghyun),더 더,Desert Beagle,Youtube,Boy,Special,,,,,,,,,,2020
,2020-02-28,BTS,ON,온,,Youtube,Boy,Major,,,,,,,,,,2020
,2020-03-05,BTS,Black Swan,,,Youtube,Boy,Minor,,,,,,,,,,2020
,2020-03-05,NCT 127,Kick It,영웅,Kim 'Oui Kim' Seonguk,Youtube,Boy,Major,,,,,,,,,,2020
,2020-03-04,VIINI,"Love The Moon feat. Suhyun, BLOO",달을 사랑해,,Youtube,Boy Solo,Major,,,,,,,,,,2020
,2020-03-04,Dreamcatcher,Endless Night,,,Youtube,Girl,Japanese,,,,,,,,,,2020
,2020-03-03,CRAXY,Aria,,,Youtube,Girl,Major,,,,,,,,,,2020
,2020-03-01,FTISLAND,Sunrise Yellow,,,Youtube,Boy,Japanese,,,,,,,,,,2020
,2020-02-29,Chungha,Everybody Has,솔직히 지친다,,Youtube,Girl,Special,,,,,,,,,,2020
,2020-02-28,Lim Kim,Mong,,,Youtube,Girl Solo,Major,,,,,,,,,,2020
,2020-02-27,SF9,Good Guy -Japanese ver.-,,,Youtube,Boy,Japanese,,,,,,,,,,2020
,2020-02-27,MCND,Ice Age,,,Youtube,Boy,Major,,,,,,,,,,2020
,2020-02-26,ELRIS,Jackpot,,August Frogs,Youtube,Girl,Major,,,,,,,,,,2020
,2020-02-24,AleXa,A.I Trooper,,,Youtube,Girl Solo,Minor,,,,,,,,,,2020
,2020-02-24,Ravi,ROCKSTAR (Feat. Paloalto),,,Youtube,Boy Solo,Major,,,,,,,,,,2020
,2020-02-23,Spectrum,Showtime,,,Youtube,Boy,Major,,,,,,,,,,2020
,2020-02-22,UNVS,Timeless,,,Youtube,Boy,Major,,,,,,,,,,2020
,2020-03-24,Kang Daniel,2U,,,Youtube,Boy Solo,Major,,,,,,,,,,2020
,2020-03-24,Oneus,A Song Written Easily,쉽게 쓰여진 노래,ZANYBROS,Youtube,Boy,Major,,,,,,,,,,2020
,2020-03-23,Seventeen,Fallin' Flower,舞い落ちる花びら,,Youtube,Boy,Japanese,,,,,,,,,,2020
,2020-03-22,Kisum,Primero,1위,,Youtube,Girl Solo,Minor,,,,,,,,,,2020
,2020-03-21,PURPLEBECK,VALENTi,,,Youtube,Girl,Major,,,,,,,,,,2020
,2020-03-20,Daydream,Num Num,,,Youtube,Girl,Major,,,,,,,,,,2020
,2020-03-17,Kim Sejeong,Plant,,,Youtube,Girl Solo,Major,,,,,,,,,,2020
,2020-03-15,Hong Eunki,Breath,숨,,Youtube,Boy Solo,Major,,,,,,,,,,2020
,2020-03-13,Eyedi,J.us.t,,,Youtube,Girl Solo,Major,,,,,,,,,,2020
,2020-03-12,AB6IX,Color Eye (Park Woojin),,Desert Beagle,Youtube,Boy,Special,,,,,,,,,,2020
,2020-03-11,DONGKIZ,Lupin,,,Youtube,Boy,Major,,,,,,,,,,2020
,2020-03-11,Dreamcatcher,Sahara,,,Youtube,Girl,Special,,,,,,,,,,2020
Post,2020-03-10,Favorite,Lie,또 LIE,,Youtube,Girl,Major,,,,,,,,,,2020
,2020-03-09,Stray Kids,Levanter -Japanese ver.-,,,Youtube,Boy,Japanese,,,,,,,,,,2020
Post,2020-03-09,ITZY,Wannabe,,Naive,Youtube,Girl,Major,,,,,,,,,,2020
,2020-03-08,VICTON,Howling,,,Youtube,Boy,Major,,,,,,,,,,2020
,2020-04-10,KEEMBO,"Thank You, Anyway",,,Youtube,Girl,Major,,,,,,,,,,2020
,2020-04-09,WINNER,Remember,,C.crew creative,Youtube,Boy,Major,,,,,,,,,,2020
Post,2020-04-09,MCND,Spring,떠,,Youtube,Boy,Major,,,,,,,,,,2020
