Music Show,Artist,Song,Year won,Debut year,Month,Day
Music Bank,Wonder Girls,Tell Me,2008,2007,January,4
Music Bank,Big Bang,Last Farewell,2008,2006,January,11
Music Bank,Haha,You are My Destiny,2008,1997,January,18
Music Bank,Toy,Warm Hello,2008,1994,January,20
Music Bank,Big Bang,Last Farewell,2008,2006,February,1
Music Bank,Park Ji-Heon,The Day I Miss You,2008,2007,February,15
Music Bank,Brown Eyed Girls,L.O.V.E,2008,2006,February,22
Music Bank,Girls' Generation,Kissing You,2008,2007,February,29
Music Bank,Jewelry,One More Time,2008,2001,March,7
Music Bank,Jewelry,One More Time,2008,2001,March,14
Music Bank,Jewelry,One More Time,2008,2001,March,21
Music Bank,Jewelry,One More Time,2008,2001,March,28
Music Bank,Jewelry,One More Time,2008,2001,April,4
Music Bank,Jewelry,One More Time,2008,2001,April,11
Music Bank,Lee Seung Gi,I Will Give You Everything,2008,2004,April,18
Music Bank,MC Mong,Circus,2008,1998,April,25
Music Bank,MC Mong,Circus,2008,1998,May,2
Music Bank,MC Mong,Circus,2008,1998,May,9
Music Bank,MC Mong,Circus,2008,1998,May,16
Music Bank,MC Mong,Circus,2008,1998,May,23
Music Bank,MC Mong,Circus,2008,1998,May,30
Music Bank,Wonder Girls,So Hot,2008,2007,June,6
Music Bank,Wonder Girls,So Hot,2008,2007,June,13
Music Bank,Wonder Girls,So Hot,2008,2007,June,20
Music Bank,Wonder Girls,So Hot,2008,2007,June,27
Music Bank,Wonder Girls,So Hot,2008,2007,July,4
Music Bank,Wonder Girls,So Hot,2008,2007,July,11
Music Bank,Davichi,Love and War,2008,2008,July,18
Music Bank,Brown Eyes,Don't Leave,2008,2001,July,25
Music Bank,Lee Hyori,U-Go-Girl,2008,1998,August,1
Music Bank,Lee Hyori,U-Go-Girl,2008,1998,August,8
Music Bank,Lee Hyori,U-Go-Girl,2008,1998,August,15
Music Bank,Seo Taiji,Moai,2008,1992,August,29
Music Bank,Big Bang,Haru Haru,2008,2006,September,5
Music Bank,Big Bang,Haru Haru,2008,2006,September,12
Music Bank,Big Bang,Haru Haru,2008,2006,September,26
Music Bank,Wonder Girls,Nobody,2008,2007,October,3
Music Bank,Wonder Girls,Nobody,2008,2007,October,10
Music Bank,Wonder Girls,Nobody,2008,2007,October,17
Music Bank,Wonder Girls,Nobody,2008,2007,October,24
Music Bank,TVXQ,Mirotic,2008,2003,October,31
Music Bank,Kim Jong Kook,Today More Than Yesterday,2008,1995,November,7
Music Bank,Kim Jong Kook,Today More Than Yesterday,2008,1995,November,14
Music Bank,Big Bang,Sunset Glow,2008,2006,November,21
Music Bank,Big Bang,Sunset Glow,2008,2006,November,28
Music Bank,Baek Ji Young,Like Being Hit by Bullet,2008,1999,December,5
Music Bank,Baek Ji Young,Like Being Hit by Bullet,2008,1999,December,12
Music Bank,Baek Ji Young,Like Being Hit by Bullet,2008,1999,December,19
Music Bank,Big Bang,Sunset Glow,2008,2006,December,26
Music Bank,TVXQ,Mirotic,2008,2003,December,26
Music Bank,Baek Ji Young,Like Being Hit by Bullet,2009,1999,January,2
Music Bank,Girls' Generation,Gee,2009,2007,January,9
Music Bank,Girls' Generation,Gee,2009,2007,January,16
Music Bank,Girls' Generation,Gee,2009,2007,January,23
Music Bank,Girls' Generation,Gee,2009,2007,January,30
Music Bank,Girls' Generation,Gee,2009,2007,February,6
Music Bank,Girls' Generation,Gee,2009,2007,February,13
Music Bank,Girls' Generation,Gee,2009,2007,February,20
Music Bank,Girls' Generation,Gee,2009,2007,February,27
Music Bank,Girls' Generation,Gee,2009,2007,March,6
Music Bank,Girls' Generation,Gee,2009,2007,March,13
Music Bank,Davichi,8282,2009,2008,March,20
Music Bank,Super Junior,"Sorry, Sorry",2009,2005,March,27
Music Bank,Davichi,8282,2009,2008,April,3
Music Bank,Son Dam Bi,Saturday Night,2009,2007,April,10
Music Bank,Son Dam Bi,Saturday Night,2009,2007,April,17
Music Bank,Super Junior,"Sorry, Sorry",2009,2005,April,24
Music Bank,Super Junior,"Sorry, Sorry",2009,2005,May,1
Music Bank,Super Junior,"Sorry, Sorry",2009,2005,May,8
Music Bank,Super Junior,"Sorry, Sorry",2009,2005,May,15
Music Bank,Super Junior,It's You,2009,2005,May,22
Music Bank,Davichi ft. Ji-Yeon & SeeYa,Women's Generation,2009,2008,May,29
Music Bank,SHINee,Juliette,2009,2008,June,5
Music Bank,2PM,Again & Again,2009,2008,June,12
Music Bank,SHINee,Juliette,2009,2008,June,19
Music Bank,Girls' Generation,Gee,2009,2007,June,26
Music Bank,2PM,I Hate You,2009,2008,July,3
Music Bank,Girls' Generation,Genie,2009,2007,July,10
Music Bank,2NE1,I Don't Care,2009,2009,July,17
Music Bank,2NE1,I Don't Care,2009,2009,July,24
Music Bank,2NE1,I Don't Care,2009,2009,July,31
Music Bank,2NE1,I Don't Care,2009,2009,August,7
Music Bank,2NE1,I Don't Care,2009,2009,August,14
Music Bank,Brown Eyed Girls,Abracadabra,2009,2006,August,21
Music Bank,G-Dragon,Heartbreaker,2009,2006,August,28
Music Bank,G-Dragon,Heartbreaker,2009,2006,September,4
Music Bank,G-Dragon,Heartbreaker,2009,2006,September,11
Music Bank,G-Dragon,Heartbreaker,2009,2006,September,18
Music Bank,G-Dragon,Heartbreaker,2009,2006,September,25
Music Bank,Kim Tae Woo,Love Rain,2009,1999,October,2
Music Bank,Kim Tae Woo,Love Rain,2009,1999,October,9
Music Bank,Kim Tae Woo,Love Rain,2009,1999,October,16
Music Bank,Leessang,"Girl Unable To Break Up, Boy Unable To Leave",2009,2002,October,23
Music Bank,SHINee,Ring Ding Dong,2009,2008,October,30
Music Bank,SHINee,Ring Ding Dong,2009,2008,November,6
Music Bank,SS501,Love Like This,2009,2005,November,13
Music Bank,SS501,Love Like This,2009,2005,November,20
Music Bank,2PM,Heartbeat,2009,2008,November,27
Music Bank,2PM,Heartbeat,2009,2008,December,4
Music Bank,2PM,Heartbeat,2009,2008,December,11
Music Bank,2PM,Heartbeat,2009,2008,December,18
Music Bank,Girls' Generation,Gee,2009,2007,December,25
Music Bank,T-ara,Bo Peep Bo Peep,2010,2009,January,1
Music Bank,T-ara,Bo Peep Bo Peep,2010,2009,January,8
Music Bank,Gain & Jo Kwon,I Happen To Love,2010,2006,January,15
Music Bank,Gain & Jo Kwon,I Happen To Love,2010,2006,January,22
Music Bank,CNBLUE,I'm A Loner,2010,2010,January,29
Music Bank,Girls' Generation,Oh!,2010,2007,February,5
Music Bank,Girls' Generation,Oh!,2010,2007,February,12
Music Bank,Girls' Generation,Oh!,2010,2007,February,19
Music Bank,Girls' Generation,Oh!,2010,2007,February,26
Music Bank,Girls' Generation,Oh!,2010,2007,March,5
Music Bank,Kara,Lupin,2010,2007,March,12
Music Bank,Kara,Lupin,2010,2007,March,19
Music Bank,Kara,Lupin,2010,2007,March,26
Music Bank,Girls' Generation,Run Devil Run,2010,2007,April,2
Music Bank,Girls' Generation,Run Devil Run,2010,2007,April,9
Music Bank,Rain,Love Song,2010,1999,April,16
Music Bank,Rain,Love Song,2010,1999,April,23
Music Bank,Rain,Love Song,2010,1999,April,30
Music Bank,2PM,Without U,2010,2008,May,7
Music Bank,2PM,Without U,2010,2008,May,14
Music Bank,Super Junior,Bonamana,2010,2005,May,21
Music Bank,Super Junior,Bonamana,2010,2005,May,28
Music Bank,Super Junior,Bonamana,2010,2005,June,4
Music Bank,SS501,Love Ya,2010,2005,June,11
Music Bank,SS501,Love Ya,2010,2005,June,18
Music Bank,Girls' Generation,Oh!,2010,2007,June,25
Music Bank,IU,Nagging,2010,2008,July,2
Music Bank,Super Junior,No Other,2010,2005,July,9
Music Bank,Taeyang,I Need a Girl,2010,2006,July,16
Music Bank,Miss A,Bad Girl Good Girl,2010,2008,July,23
Music Bank,SHINee,Lucifer,2010,2008,July,30
Music Bank,SHINee,Lucifer,2010,2008,August,6
Music Bank,BoA,Hurricane Venus,2010,2000,August,13
Music Bank,BoA,Hurricane Venus,2010,2000,August,20
Music Bank,BoA,Hurricane Venus,2010,2000,August,27
Music Bank,Homme,I Was Able to Eat Well,2010,2010,September,3
Music Bank,F.T. Island,Love Love Love,2010,2007,September,10
Music Bank,2NE1,Can't Nobody,2010,2009,September,17
Music Bank,2NE1,Go Away,2010,2009,September,24
Music Bank,2NE1,Go Away,2010,2009,October,1
Music Bank,Beast,Breath,2010,2009,October,8
Music Bank,SHINee,Hello,2010,2008,October,15
Music Bank,2PM,I'll Be Back,2010,2008,October,22
Music Bank,2PM,I'll Be Back,2010,2008,October,29
Music Bank,Girls' Generation,Hoot,2010,2007,November,5
Music Bank,Girls' Generation,Hoot,2010,2007,November,12
Music Bank,Girls' Generation,Hoot,2010,2007,November,19
Music Bank,Girls' Generation,Hoot,2010,2007,November,26
Music Bank,Girls' Generation,Hoot,2010,2007,December,3
Music Bank,Kara,Jumping,2010,2007,December,10
Music Bank,Girls' Generation,Oh!,2010,2007,December,17
Music Bank,Sistar,How Dare You,2010,2010,December,17
Music Bank,IU,Good Day,2010,2008,December,24
Music Bank,IU,Good Day,2010,2008,December,31
Music Bank,IU,Good Day,2011,2008,January,7
Music Bank,TVXQ,Keep Your Head Down,2011,2003,January,14
Music Bank,TVXQ,Keep Your Head Down,2011,2003,January,21
Music Bank,TVXQ,Keep Your Head Down,2011,2003,January,28
Music Bank,Secret,Shy Boy,2011,2009,February,4
Music Bank,Secret,Shy Boy,2011,2009,February,11
Music Bank,Secret,Shy Boy,2011,2009,February,18
Music Bank,G.NA,Black & White,2011,2010,February,25
Music Bank,Big Bang,Tonight,2011,2006,March,4
Music Bank,Big Bang,Tonight,2011,2006,March,11
Music Bank,Big Bang,Tonight,2011,2006,March,18
Music Bank,TVXQ,Before U Go,2011,2003,March,25
Music Bank,CNBLUE,Intuition,2011,2010,April,1
Music Bank,CNBLUE,Intuition,2011,2010,April,8
Music Bank,CNBLUE,Intuition,2011,2010,April,15
Music Bank,Big Bang,Love Song,2011,2006,April,22
Music Bank,F(x),Pinocchio (Danger),2011,2009,April,29
Music Bank,Jay Park,Abandoned (ft. Dok2),2011,2008,May,6
Music Bank,Jay Park,Abandoned (ft. Dok2),2011,2008,May,13
Music Bank,F(x),Pinocchio (Danger),2011,2009,May,20
Music Bank,Beast,On Rainy Days,2011,2009,May,27
Music Bank,Beast,Fiction ,2011,2009,June,3
Music Bank,Beast,Fiction ,2011,2009,June,10
Music Bank,Kim Hyun Joong,Break Down,2011,2005,June,17
Music Bank,Kim Hyun Joong,Break Down,2011,2005,June,24
Music Bank,2PM,Hands Up,2011,2008,July,1
Music Bank,2PM,Hands Up,2011,2008,July,8
Music Bank,2PM,Hands Up,2011,2008,July,15
Music Bank,2PM,Hands Up,2011,2008,July,22
Music Bank,Miss A,Good-bye Baby,2011,2008,July,29
Music Bank,2NE1,I Am the Best,2011,2009,August,5
Music Bank,Super Junior,Mr. Simple,2011,2005,August,12
Music Bank,Super Junior,Mr. Simple,2011,2005,August,19
Music Bank,Super Junior,Mr. Simple,2011,2005,August,26
Music Bank,Super Junior,Mr. Simple,2011,2005,September,2
Music Bank,Super Junior,Mr. Simple,2011,2005,September,9
Music Bank,Kara,Step,2011,2007,September,16
Music Bank,Kara,Step,2011,2007,September,23
Music Bank,Huh Gak,Hello,2011,2010,September,30
Music Bank,Davichi,Don’t Say Goodbye,2011,2008,October,7
Music Bank,Davichi,Don’t Say Goodbye,2011,2008,October,14
Music Bank,Kim Hyun Joong,Lucky Guy,2011,2005,October,21
Music Bank,Girls' Generation,The Boys,2011,2007,October,28
Music Bank,Girls' Generation,The Boys,2011,2007,November,4
Music Bank,Girls' Generation,The Boys,2011,2007,November,11
Music Bank,Girls' Generation,The Boys,2011,2007,November,18
Music Bank,Girls' Generation,The Boys,2011,2007,November,25
Music Bank,Girls' Generation,The Boys,2011,2007,December,2
Music Bank,IU,You and I,2011,2008,December,9
Music Bank,IU,You and I,2011,2008,December,16
Music Bank,IU,You and I,2011,2008,December,23
Music Bank,IU,You and I,2011,2008,December,30
Music Bank,IU,You and I,2012,2008,January,6
Music Bank,IU,You and I,2012,2008,January,13
Music Bank,T-ara,Lovey-Dovey,2012,2009,January,20
Music Bank,T-ara,Lovey-Dovey,2012,2009,January,27
Music Bank,Teen Top,Going Crazy,2012,2010,February,3
Music Bank,T-ara,Lovey-Dovey,2012,2009,February,10
Music Bank,T-ara,Lovey-Dovey,2012,2009,February,17
Music Bank,Jay Park,Know Your Name,2012,2008,February,24
Music Bank,K.Will,I Need You,2012,2007,March,2
Music Bank,Big Bang,Blue,2012,2006,March,9
Music Bank,Big Bang,Blue,2012,2006,March,16
Music Bank,2AM,I Wonder If You Hurt Like Me,2012,2008,March,23
Music Bank,2AM,I Wonder If You Hurt Like Me,2012,2008,March,30
Music Bank,SHINee,Sherlock (Clue + Note),2012,2008,April,6
Music Bank,SHINee,Sherlock (Clue + Note),2012,2008,April,13
Music Bank,CNBLUE,Hey You,2012,2010,April,20
Music Bank,Sistar,Alone,2012,2010,April,27
Music Bank,Sistar,Alone,2012,2010,May,4
Music Bank,TTS,Twinkle,2012,2012,May,11
Music Bank,TTS,Twinkle,2012,2012,May,18
Music Bank,TTS,Twinkle,2012,2012,May,25
Music Bank,Infinite,The Chaser,2012,2010,June,1
Music Bank,G.NA,2HOT,2012,2010,June,8
Music Bank,Wonder Girls,Like This,2012,2007,June,15
Music Bank,F(x),Electric Shock,2012,2009,June,22
Music Bank,F(x),Electric Shock,2012,2009,June,29
Music Bank,Jo Kwon,I'm Da One (ft. Zion. T),2012,2008,July,6
Music Bank,Sistar,Loving U,2012,2010,July,13
Music Bank,Super Junior,"Sexy, Free & Single",2012,2005,July,20
Music Bank,Super Junior,"Sexy, Free & Single",2012,2005,July,27
Music Bank,Sistar,Loving U,2012,2010,August,3
Music Bank,Beast,Beautiful Night,2012,2009,August,10
Music Bank,Psy,Gangnam Style,2012,2001,August,17
Music Bank,Psy,Gangnam Style,2012,2001,August,24
Music Bank,Psy,Gangnam Style,2012,2001,August,31
Music Bank,Kara,Pandora,2012,2007,September,7
Music Bank,Psy,Gangnam Style,2012,2001,September,14
Music Bank,Psy,Gangnam Style,2012,2001,September,21
Music Bank,Psy,Gangnam Style,2012,2001,September,28
Music Bank,Psy,Gangnam Style,2012,2001,October,5
Music Bank,Psy,Gangnam Style,2012,2001,October,12
Music Bank,Psy,Gangnam Style,2012,2001,October,10
Music Bank,Psy,Gangnam Style,2012,2001,October,26
Music Bank,Psy,Gangnam Style,2012,2001,November,2
Music Bank,Psy,Gangnam Style,2012,2001,November,9
Music Bank,Psy,Gangnam Style,2012,2001,November,16
Music Bank,Ailee,I Will Show You,2012,2012,November,23
Music Bank,Psy,Gangnam Style,2012,2001,November,30
Music Bank,Lee Seung Gi,Return,2012,2004,December,7
Music Bank,Yang Yoseob,Caffeine,2012,2009,December,14
Music Bank,Psy,Gangnam Style,2012,2001,December,21
Music Bank,Yang Yoseob,Caffeine,2012,2009,December,21
Music Bank,Psy,Gangnam Style,2012,2001,December,28
Music Bank,Psy,Gangnam Style,2013,2001,January,4
Music Bank,Girls' Generation,I Got a Boy,2013,2007,January,11
Music Bank,Girls' Generation,I Got a Boy,2013,2007,January,18
Music Bank,Girls' Generation,I Got a Boy,2013,2007,January,25
Music Bank,CNBLUE,I'm Sorry,2013,2010,February,1
Music Bank,CNBLUE,I'm Sorry,2013,2010,February,8
Music Bank,Sistar19,Gone Not Around Any Longer,2013,2011,February,15
Music Bank,Sistar19,Gone Not Around Any Longer,2013,2011,February,22
Music Bank,Sistar19,Gone Not Around Any Longer,2013,2011,March,1
Music Bank,SHINee,Dream Girl,2013,2008,March,8
Music Bank,SHINee,Dream Girl,2013,2008,March,15
Music Bank,2AM,One Spring Day,2013,2008,March,22
Music Bank,G.NA,Oops!,2013,2010,March,29
Music Bank,Infinite,Man In Love,2013,2010,April,5
Music Bank,Infinite,Man In Love,2013,2010,April,12
Music Bank,K.Will,Love Blossom,2013,2007,April,19
Music Bank,Psy,Gentleman,2013,2001,April,26
Music Bank,Cho Yong Pil,Bounce,2013,1968,May,3
Music Bank,Cho Yong Pil,Bounce,2013,1968,May,10
Music Bank,2PM,Comeback When You Hear This Song,2013,2008,May,24
Music Bank,Shinhwa,This Love,2013,1998,May,31
Music Bank,Lee Hyori,Bad Girls,2013,1998,June,7
Music Bank,EXO,Wolf,2013,2012,June,14
Music Bank,Sistar,Give It To Me,2013,2010,June,21
Music Bank,Sistar,Give It To Me,2013,2010,June,28
Music Bank,Sistar,Give It To Me,2013,2010,July,5
Music Bank,Dynamic Duo,BAAAM,2013,2004,July,12
Music Bank,Apink,No No No,2013,2011,July,19
Music Bank,Ailee,U&I,2013,2012,July,26
Music Bank,Ailee,U&I,2013,2012,August,2
Music Bank,F(x),Rum Pum Pum Pum,2013,2009,August,9
Music Bank,EXO,Growl,2013,2012,August,16
Music Bank,EXO,Growl,2013,2012,August,23
Music Bank,Crayon Pop,Bar Bar Bar,2013,2012,August,30
Music Bank,Teen Top,Rocking,2013,2010,September,6
Music Bank,Kara,Damaged Lady,2013,2007,September,13
Music Bank,G-Dragon,Who You?,2013,2006,September,20
Music Bank,G-Dragon,Crooked,2013,2006,September,27
Music Bank,Busker Busker,"Love, at first",2013,2012,October,4
Music Bank,Busker Busker,"Love, at first",2013,2012,October,11
Music Bank,IU,The Red Shoes,2013,2008,October,18
Music Bank,SHINee,Everybody,2013,2008,October,25
Music Bank,K.Will,You Don't Know Love,2013,2007,November,1
Music Bank,Trouble Marker,Now,2013,2011,November,8
Music Bank,Trouble Marker,Now,2013,2011,November,15
Music Bank,Miss A,Hush,2013,2010,November,22
Music Bank,Lee Juck,Lie Lie Lie,2013,2014,November,29
Music Bank,VIXX,Voodoo Doll,2013,2012,December,6
Music Bank,Hyolyn,One Way Love,2013,2010,December,13
Music Bank,EXO,Miracles In December,2013,2012,December,20
Music Bank,IU,Friday,2014,2008,January,3
Music Bank,Rain,La Song,2014,1999,January,10
Music Bank,TVXQ,Something,2014,2003,January,17
Music Bank,B1A4,Lonely,2014,2011,January,24
Music Bank,B1A4,Lonely,2014,2011,January,31
Music Bank,TVXQ,Something,2014,2003,February,7
Music Bank,B.A.P,1004 (Angel),2014,2012,February,14
Music Bank,Soyou & Junggigo,Some,2014,2010,February,21
Music Bank,Soyou & Junggigo,Some,2014,2010,February,28
Music Bank,Soyou & Junggigo,Some,2014,2010,March,7
Music Bank,Girls' Generation,Mr. Mr.,2014,2007,March,14
Music Bank,Soyou & Junggigo,Some,2014,2010,March,21
Music Bank,CNBLUE,Can't Stop,2014,2009,March,28
Music Bank,Soyou & Junggigo,Some,2014,2010,April,4
Music Bank,Apink,Mr. Chu,2014,2011,April,11
Music Bank,Infinite,Last Romeo,2014,2010,May,30
Music Bank,Fly to the Sky,You You You,2014,1999,June,6
Music Bank,Infinite,Last Romeo,2014,2010,June,13
Music Bank,Taeyang,"Eyes, Nose, Lips",2014,2006,June,20
Music Bank,Beast,Good Luck,2014,2009,June,27
Music Bank,Beast,Good Luck,2014,2009,July,4
Music Bank,Beast,Good Luck,2014,2009,July,11
Music Bank,F(x),Red Light,2014,2009,July,18
Music Bank,B1A4,Solo Day,2014,2011,July,25
Music Bank,Sistar,Touch My Body,2014,2010,August,1
Music Bank,Sistar,Touch My Body,2014,2010,August,8
Music Bank,Sistar,Touch My Body,2014,2010,August,15
Music Bank,Winner,Empty,2014,2014,August,22
Music Bank,Taemin,Danger,2014,2008,August,29
Music Bank,Sistar,I Swear,2014,2010,September,5
Music Bank,Super Junior,Mamacita,2014,2005,September,12
Music Bank,Super Junior,Mamacita,2014,2005,September,19
Music Bank,Teen Top,Missing,2014,2010,September,26
Music Bank,TTS,Holler,2014,2012,October,3
Music Bank,Ailee,Don't Touch Me,2014,2012,October,10
Music Bank,Kim Dong Ryul,How I Am,2014,1993,October,17
Music Bank,VIXX,Error,2014,2012,October,24
Music Bank,Beast,12:30,2014,2009,October,31
Music Bank,Beast,12:30,2014,2009,November,7
Music Bank,Beast,12:30,2014,2009,November,14
Music Bank,Kyuhyun,At Gwanghwamun,2014,2006,November,21
Music Bank,Toy,Three of Us,2014,1994,November,28
Music Bank,Apink,Luv,2014,2011,December,5
Music Bank,Apink,Luv,2014,2011,December,12
Music Bank,Apink,Luv,2014,2011,December,19
Music Bank,Apink,Luv,2014,2011,December,26
Music Bank,EXO,"December, 2014 (The Winter's Tale)",2015,2012,January,2
Music Bank,EXID,Up & Down,2015,2012,January,9
Music Bank,EXID,Up & Down,2015,2012,January,16
Music Bank,Jonghyun,Deja Boo,2015,2008,January,23
Music Bank,Jung Yonghwa,One Fine Day,2015,2010,January,30
Music Bank,Davichi,Cry Again,2015,2008,February,6
Music Bank,Jung Yonghwa,One Fine Day,2015,2010,February,13
Music Bank,Naul ,You From The Same Time,2015,1999,February,20
Music Bank,Niel,Lovekiller (Bad Girl),2015,2010,February,27
Music Bank,VIXX,Love Equation,2015,2012,March,6
Music Bank,Shinhwa,Sniper (Target),2015,1998,March,13
Music Bank,Super Junior D&E,Growing Pains,2015,2011,March,20
Music Bank,Red Velvet,Ice Cream Cake,2015,2014,March,27
Music Bank,F.T. Island,Pray,2015,2007,April,3
Music Bank,EXO,Call Me Baby,2015,2012,April,10
Music Bank,EXO,Call Me Baby,2015,2012,April,17
Music Bank,EXO,Call Me Baby,2015,2012,April,24
Music Bank,EXO,Call Me Baby,2015,2012,May,1
Music Bank,BTS,I Need U,2015,2013,May,8
Music Bank,Big Bang,Loser,2015,2006,May,15
Music Bank,Big Bang,Loser,2015,2006,May,22
Music Bank,SHINee,View,2015,2008,May,29
Music Bank,SHINee,View,2015,2008,June,5
Music Bank,EXO,Love Me Right,2015,2012,June,12
Music Bank,EXO,Love Me Right,2015,2012,June,19
Music Bank,Baek A Yeon,Shouldn't Have,2015,2012,June,26
Music Bank,Sistar,Shake It,2015,2010,July,3
Music Bank,Sistar,Shake It,2015,2010,July,10
Music Bank,Girls' Generation,Party,2015,2007,July,17
Music Bank,Infinite,Bad,2015,2010,July,24
Music Bank,Apink,Remember,2015,2011,July,31
Music Bank,Beast,YeY,2015,2009,August,7
Music Bank,SHINee,Married to the Music,2015,2008,August,14
Music Bank,Big Bang,Let's Not Fall in Love,2015,2006,August,21
Music Bank,Girls' Generation,Lion Heart,2015,2007,August,28
Music Bank,Girls' Generation,Lion Heart,2015,2007,September,4
Music Bank,Girls' Generation,Lion Heart,2015,2007,September,11
Music Bank,Girls' Generation,Lion Heart,2015,2007,September,18
Music Bank,CNBLUE,Cinderella,2015,2010,September,25
Music Bank,CNBLUE,Cinderella,2015,2010,October,2
Music Bank,Im Chang Jung,Love Again,2015,1995,October,9
Music Bank,Taeyeon,I,2015,2007,October,16
Music Bank,Taeyeon,I,2015,2007,October,23
Music Bank,Taeyeon,I,2015,2007,October,20
Music Bank,F(x),4 Walls,2015,2009,November,6
Music Bank,F(x),4 Walls,2015,2009,November,13
Music Bank,VIXX,Chained Up,2015,2012,November,20
Music Bank,B.A.P,"Young, Wild & Free",2015,2012,November,27
Music Bank,Lee Hong Gi,Insensible,2015,2007,December,4
Music Bank,BTS,Run,2015,2013,December,11
Music Bank,EXO,Sing for You,2015,2012,December,18
Music Bank,EXO,Sing for You,2015,2012,December,25
Music Bank,EXO,Sing for You,2016,2012,January,1
Music Bank,BTS,Run,2016,2013,January,8
Music Bank,Suzy & Baekhyun,Dream,2016,2016,January,15
Music Bank,Suzy & Baekhyun,Dream,2016,2016,January,22
Music Bank,Teen Top,Warning Sign,2016,2010,January,29
Music Bank,GFriend,Rough,2016,2015,February,5
Music Bank,GFriend,Rough,2016,2015,February,12
Music Bank,GFriend,Rough,2016,2015,February,19
Music Bank,GFriend,Rough,2016,2015,February,26
Music Bank,Taemin,Press My Number,2016,2008,March,4
Music Bank,Mamamoo,You're The Best,2016,2014,March,11
Music Bank,Mamamoo,You're The Best,2016,2014,March,18
Music Bank,Red Velvet,One of These Nights,2016,2014,March,25
Music Bank,GOT7,Fly,2016,2014,April,1
Music Bank,BTOB,Remember That,2016,2012,April,8
Music Bank,CNBLUE,You're So Fine,2016,2009,April,15
Music Bank,CNBLUE,You're So Fine,2016,2009,April,22
Music Bank,VIXX,Dynamite,2016,2012,April,29
Music Bank,Twice,Cheer Up,2016,2015,May,6
Music Bank,BTS,Fire,2016,2013,May,13
Music Bank,Twice,Cheer Up,2016,2015,May,20
Music Bank,Twice,Cheer Up,2016,2015,May,27
Music Bank,Twice,Cheer Up,2016,2015,June,3
Music Bank,Twice,Cheer Up,2016,2015,June,10
Music Bank,EXO,Monster,2016,2012,June,17
Music Bank,EXO,Monster,2016,2012,June,24
Music Bank,EXO,Monster,2016,2012,July,1
Music Bank,Taeyeon,Starlight,2016,2007,July,8
Music Bank,Beast,Ribbon,2016,2009,July,15
Music Bank,GFriend,Navillera,2016,2015,July,22
Music Bank,GFriend,Navillera,2016,2015,July,29
Music Bank,Wonder Girls,Why So Lonely,2016,2007,August,5
Music Bank,GFriend,Navillera,2016,2015,August,12
Music Bank,I.O.I,Whatta Man (Good Man),2016,2016,August,19
Music Bank,EXO,Lotto,2016,2012,August,26
Music Bank,EXO,Lotto,2016,2012,September,2
Music Bank,Han Dong Geun,Making a New Ending for This Story,2016,2014,September,9
Music Bank,Im Chang Jung,This Love That I Committed,2016,1990,September,16
Music Bank,Im Chang Jung,This Love That I Committed,2016,1990,September,23
Music Bank,Infinite,The Eye,2016,2010,September,30
Music Bank,GOT7,Hard Carry,2016,2014,October,7
Music Bank,SHINee,1 of 1,2016,2008,October,14
Music Bank,BTS,Blood Sweat & Tears,2016,2013,October,21
Music Bank,BTS,Blood Sweat & Tears,2016,2013,October,28
Music Bank,Twice,TT,2016,2015,November,4
Music Bank,Twice,TT,2016,2015,November,11
Music Bank,Twice,TT,2016,2015,November,18
Music Bank,Twice,TT,2016,2015,November,25
Music Bank,Twice,TT,2016,2015,December,2
Music Bank,B1A4,A Lie,2016,2011,December,9
Music Bank,Seventeen,Boom Boom,2016,2015,December,16
Music Bank,Big Bang,Last Dance,2016,2006,December,23
Music Bank,EXO,For Life,2016,2012,December,30
Music Bank,Twice,TT,2017,2015,January,6
Music Bank,Big Bang,Fxxk It,2017,2006,January,13
Music Bank,Big Bang,Fxxk It,2017,2006,January,20
Music Bank,Suzy,Pretend,2017,2010,January,27
Music Bank,Suzy,Pretend,2017,2010,February,3
Music Bank,Red Velvet,Rookie,2017,2014,February,10
Music Bank,Red Velvet,Rookie,2017,2014,February,17
Music Bank,BTS,Spring Day,2017,2013,February,24
Music Bank,Twice,Knock Knock,2017,2015,March,3
Music Bank,Taeyeon,Fine,2017,2007,March,10
Music Bank,Twice,Knock Knock,2017,2015,March,17
Music Bank,GOT7,Never Ever,2017,2014,March,24
Music Bank,Highlight,Plz Don't Be Sad,2017,2009,March,31
Music Bank,Highlight,Plz Don't Be Sad,2017,2009,April,7
Music Bank,Highlight,Plz Don't Be Sad,2017,2009,April,14
Music Bank,Teen Top,Love Is,2017,2010,April,21
Music Bank,Laboum,Hwi Hwi,2017,2014,April,28
Music Bank,IU,Palette,2017,2008,May,5
Music Bank,Seches Kies,Be Well,2017,1997,May,12
Music Bank,IU,Palette,2017,2008,May,19
Music Bank,Twice,Signal,2017,2015,May,26
Music Bank,Seventeen,Don't Wanna Cry,2017,2015,June,2
Music Bank,Twice,Signal,2017,2015,June,9
Music Bank,Hwang Chi Yeul,A Daily Song,2017,2007,June,16
Music Bank,G-Dragon,"Untitled, 2014",2017,2006,June,23
Music Bank,Mamamoo,Yes I Am,2017,2014,June,30
Music Bank,Heize,"You, Cloud, Rain",2017,2014,July,7
Music Bank,Red Velvet,Red Flavor,2017,2014,July,14
Music Bank,EXO,Ko Ko Bop,2017,2012,July,21
Music Bank,EXO,Ko Ko Bop,2017,2012,July,28
Music Bank,GFriend,Love Whisper,2017,2015,August,4
Music Bank,Wanna One,Energetic,2017,2017,August,11
Music Bank,Wanna One,Energetic,2017,2017,August,18
Music Bank,Yoon Jong Shin,Like It,2017,1991,August,25
Music Bank,Yoon Jong Shin,Like It,2017,1991,September,1
Music Bank,EXO,Power,2017,2012,September,8
Music Bank,EXO,Power,2017,2012,September,15
Music Bank,BTS,DNA,2017,2013,September,22
Music Bank,BTS,DNA,2017,2013,September,6
Music Bank,BTS,DNA,2017,2013,October,13
Music Bank,NU'EST W,Where You At,2017,2017,October,20
Music Bank,BTOB,Missing You,2017,2012,October,27
Music Bank,Epik High,Love Story,2017,2003,October,3
Music Bank,Twice,Likey,2017,2015,November,10
Music Bank,Seventeen,Clap,2017,2015,November,17
Music Bank,Wanna One,Beautiful,2017,2017,November,24
Music Bank,Wanna One,Beautiful,2017,2017,November,1
Music Bank,Minseo,Yes,2017,2015,December,8
Music Bank,Naul ,Emptiness In Memory,2017,1999,December,15
Music Bank,Twice,Heart Shaker,2017,2015,December,22
Music Bank,Twice,Heart Shaker,2017,2015,December,29
M Countdown,Big Bang,Last Farewell,2008,2006,January,17
M Countdown,SeeYa,Sad Footsteps,2008,2006,January,31
M Countdown,Girls' Generation,Kissing You,2008,2007,February,14
M Countdown,Girls' Generation,Kissing You,2008,2007,February,28
M Countdown,Jewelry,One More Time,2008,2001,March,13
M Countdown,Gummy,I'm Sorry,2008,2003,March,27
M Countdown,Girls' Generation,Baby Baby,2008,2007,April,10
M Countdown,Lee Seung Gi,I'll Give You My Everything,2008,2004,April,24
M Countdown,MC Mong,Circus,2008,1998,May,8
M Countdown,MC Mong,Circus,2008,1998,May,22
M Countdown,MC Mong,Circus,2008,1998,June,12
M Countdown,Taeyang,Look Only At Me,2008,2006,June,19
M Countdown,Taeyang,Look Only At Me,2008,2006,June,26
M Countdown,Taeyang,Look Only At Me,2008,2006,July,3
M Countdown,Wonder Girls,So Hot,2008,2007,July,10
M Countdown,Wonder Girls,So Hot,2008,2007,July,17
M Countdown,Wonder Girls,So Hot,2008,2007,July,24
M Countdown,Lee Hyori,U-Go-Girl,2008,1998,July,31
M Countdown,Lee Hyori,U-Go-Girl,2008,1998,August,14
M Countdown,Lee Hyori,U-Go-Girl,2008,1998,August,21
M Countdown,Big Bang,Haru Haru,2008,2006,August,28
M Countdown,Big Bang,Haru Haru,2008,2006,September,4
M Countdown,Big Bang,Haru Haru,2008,2006,September,11
M Countdown,SHINee,Love Like Oxygen,2008,2008,September,18
M Countdown,Big Bang,Haru Haru,2008,2006,September,25
M Countdown,F.T. Island,After Love,2008,2007,October,2
M Countdown,TVXQ,Mirotic,2008,2003,October,9
M Countdown,TVXQ,Mirotic,2008,2003,October,23
M Countdown,TVXQ,Mirotic,2008,2003,October,20
M Countdown,Rain,Rainism,2008,1999,November,6
M Countdown,Rain,Rainism,2008,1999,November,27
M Countdown,Big Bang,Sunset Glow,2008,2006,December,4
M Countdown,SS501,U R Man,2009,2005,January,8
M Countdown,SS501,U R Man,2009,2005,January,15
M Countdown,Seungri,Strong Baby,2009,2006,January,22
M Countdown,Seungri,Strong Baby,2009,2006,February,5
M Countdown,Seungri,Strong Baby,2009,2006,February,19
M Countdown,Seungri,Strong Baby,2009,2006,February,26
M Countdown,Kara,Honey,2009,2007,March,5
M Countdown,Kara,Honey,2009,2007,March,12
M Countdown,Kara,Honey,2009,2007,March,26
M Countdown,Davichi,8282,2009,2008,April,2
M Countdown,Super Junior,"Sorry, Sorry",2009,2005,April,9
M Countdown,Son Dam Bi,Saturday Night,2009,2007,April,16
M Countdown,Super Junior,"Sorry, Sorry",2009,2005,April,23
M Countdown,Davichi,8282,2009,2008,April,30
M Countdown,2PM,Again & Again,2009,2008,May,7
M Countdown,2PM,Again & Again,2009,2008,May,14
M Countdown,2PM,Again & Again,2009,2008,May,21
M Countdown,2PM,Again & Again,2009,2008,May,28
M Countdown,SG Wannabe,I Love You,2009,2004,June,4
M Countdown,SG Wannabe,I Love You,2009,2004,June,12
M Countdown,V.O.S,Trouble,2009,2004,June,18
M Countdown,V.O.S,Trouble,2009,2004,June,25
M Countdown,2PM,I Hate You,2009,2008,July,2
M Countdown,2PM,I Hate You,2009,2008,July,9
M Countdown,2PM,I Hate You,2009,2008,July,16
M Countdown,2NE1,I Don't Care,2009,2009,July,23
M Countdown,2PM,I Hate You,2009,2008,July,30
M Countdown,2NE1,I Don't Care,2009,2009,August,6
M Countdown,2NE1,I Don't Care,2009,2009,August,13
M Countdown,Brown Eyed Girls,Abracadabra,2009,2006,August,20
M Countdown,2NE1,I Don't Care,2009,2009,August,27
M Countdown,Brown Eyed Girls,Abracadabra,2009,2006,September,3
M Countdown,G-Dragon,Heartbreaker,2009,2006,September,10
M Countdown,G-Dragon,Heartbreaker,2009,2006,September,17
M Countdown,G-Dragon,Heartbreaker,2009,2006,September,24
M Countdown,4Minute,Muzik,2009,2009,October,1
M Countdown,Park Hyo Shin,After Love,2009,1999,October,8
M Countdown,Kim Tae Woo,Love Rain,2009,1999,October,15
M Countdown,Kim Tae Woo,Love Rain,2009,1999,October,22
M Countdown,Park Hyo Shin,After Love,2009,1999,October,29
M Countdown,SHINee,Ring Ding Dong,2009,2008,November,5
M Countdown,2AM,Can't Let You Go Even If I Die,2010,2008,February,25
M Countdown,Kara,Lupin,2010,2007,March,4
M Countdown,Kara,Lupin,2010,2007,March,11
M Countdown,T-ara,I Go Crazy Because Of You,2010,2009,March,18
M Countdown,Beast,Shock,2010,2009,March,25
M Countdown,2AM,I Did Wrong,2010,2008,April,1
M Countdown,Rain,Love Song,2010,1999,April,8
M Countdown,Rain,Love Song,2010,1999,April,15
M Countdown,Lee Hyori,Chitty Chitty Bang Bang,2010,1998,April,22
M Countdown,2PM,Without U,2010,2008,April,29
M Countdown,2PM,Without U,2010,2008,May,6
M Countdown,2PM,Without U,2010,2008,May,13
M Countdown,Seo In Guk,Love U,2010,2009,May,20
M Countdown,Wonder Girls,2 Different Tears,2010,2007,May,27
M Countdown,MBLAQ,Y,2010,2009,June,3
M Countdown,CNBLUE,Love,2010,2009,June,10
M Countdown,4Minute,HuH,2010,2009,June,17
M Countdown,Seo In Young,Goodbye Romance,2010,2002,June,24
M Countdown,CNBLUE,Love,2010,2009,July,1
M Countdown,Taeyang,I Need a Girl,2010,2006,July,8
M Countdown,Taeyang,I Need a Girl,2010,2006,July,15
M Countdown,Miss A,Bad Girl Good Girl,2010,2010,July,22
M Countdown,Seven,Better Together,2010,2003,July,29
M Countdown,Seven,Better Together,2010,2003,August,5
M Countdown,G.NA,I'll Back Off So You Can Live Better,2010,2010,August,12
M Countdown,DJ DOC,I'm This Person,2010,1994,August,16
M Countdown,Jo Sungmo,I Wanna Cheat,2010,1998,August,26
M Countdown,Taeyang,I'll Be There,2010,2006,September,2
M Countdown,F.T. Island,Love Love Love,2010,2007,September,9
M Countdown,2NE1,Clap Your Hands,2010,2009,September,16
M Countdown,2NE1,Can't Nobody,2010,2009,September,23
M Countdown,2NE1,Can't Nobody,2010,2009,September,30
M Countdown,2NE1,Can't Nobody,2010,2009,October,7
M Countdown,Beast,Breath,2010,2009,October,14
M Countdown,Miss A,Breathe,2010,2010,October,21
M Countdown,2PM,I'll Be Back,2010,2008,October,28
M Countdown,2PM,I'll Be Back,2010,2008,November,4
M Countdown,Psy,Right Now,2010,2001,November,11
M Countdown,Girls' Generation,Hoot,2010,2007,November,18
M Countdown,Girls' Generation,Hoot,2010,2007,November,25
M Countdown,Girls' Generation,Hoot,2010,2007,December,2
M Countdown,T-ara,Why Are You Being Like This,2010,2009,December,9
M Countdown,T-ara,Yayaya,2010,2009,December,16
M Countdown,IU,Good Day,2010,2008,December,23
M Countdown,GD & TOP,Oh Yeah,2010,2006,December,30
M Countdown,GD & TOP,High High,2011,2006,January,6
M Countdown,Secret,Shy Boy,2011,2009,January,13
M Countdown,TVXQ,Keep Your Head Down,2011,2003,January,20
M Countdown,Seungri,V.V.I.P,2011,2006,January,27
M Countdown,Seungri,What Can I Do,2011,2006,February,3
M Countdown,Seungri,What Can I Do,2011,2006,February,10
M Countdown,G.NA,Black & White,2011,2010,February,17
M Countdown,G.NA,Black & White,2011,2010,February,24
M Countdown,Big Bang,Tonight,2011,2006,March,3
M Countdown,Big Bang,Tonight,2011,2006,March,10
M Countdown,Big Bang,Tonight,2011,2006,March,17
M Countdown,Wheesung,Heart Aching Story,2011,2002,March,24
M Countdown,CNBLUE,Intuition,2011,2009,March,31
M Countdown,CNBLUE,Intuition,2011,2009,April,7
M Countdown,CNBLUE,Intuition,2011,2009,April,14
M Countdown,4Minute,Mirror Mirror,2011,2009,April,21
M Countdown,Big Bang,Love Song,2011,2006,April,28
M Countdown,F(x),Pinocchio (Danger),2011,2009,May,5
M Countdown,F(x),Pinocchio (Danger),2011,2009,May,12
M Countdown,F(x),Pinocchio (Danger),2011,2009,May,19
M Countdown,Beast,Fiction ,2011,2009,May,26
M Countdown,Beast,Fiction ,2011,2009,June,2
M Countdown,Beast,Fiction ,2011,2009,June,9
M Countdown,Kim Hyun Joong,Break Down,2011,2005,June,16
M Countdown,Kim Hyun Joong,Break Down,2011,2005,June,23
M Countdown,F(x),Hot Summer,2011,2009,June,30
M Countdown,2PM,Hands Up,2011,2008,July,7
M Countdown,T-ara,Roly Poly,2011,2009,July,14
M Countdown,Miss A,Good Bye Baby,2011,2010,July,21
M Countdown,2NE1,Ugly,2011,2009,August,28
M Countdown,Super Junior,Mr. Simple,2011,2005,August,4
M Countdown,Super Junior,Mr. Simple,2011,2005,August,11
M Countdown,Super Junior,Mr. Simple,2011,2005,August,18
M Countdown,Infinite,Be Mine,2011,2010,September,25
M Countdown,Infinite,Be Mine,2011,2010,September,1
M Countdown,Kara,Step,2011,2007,September,15
M Countdown,Kara,Step,2011,2007,September,22
M Countdown,Huh Gak,Hello,2011,2010,September,29
M Countdown,Brown Eyed Girls,Sixth Sense,2011,2006,October,6
M Countdown,Infinite,Paradise,2011,2010,October,13
M Countdown,Brown Eyed Girls,Sixth Sense,2011,2006,October,20
M Countdown,Girls' Generation,The Boys,2011,2007,October,27
M Countdown,Girls' Generation,The Boys,2011,2007,November,3
M Countdown,Girls' Generation,The Boys,2011,2007,November,11
M Countdown,Wonder Girls,Be My Baby,2011,2007,November,17
M Countdown,Wonder Girls,Be My Baby,2011,2007,November,24
M Countdown,T-ara,Cry Cry,2011,2009,December,1
M Countdown,T-ara,Cry Cry,2011,2009,December,8
M Countdown,Trouble Marker,Trouble Marker,2011,2011,December,15
M Countdown,Trouble Marker,Trouble Marker,2011,2011,December,22
M Countdown,Trouble Marker,Trouble Marker,2011,2011,December,29
M Countdown,Apink,My My,2012,2011,January,5
M Countdown,T-ara,Lovey Dovey,2012,2009,January,12
M Countdown,T-ara,Lovey Dovey,2012,2009,January,19
M Countdown,MBLAQ,This Is War,2012,2009,January,26
M Countdown,MBLAQ,This Is War,2012,2009,February,2
M Countdown,F.T. Island,Severely,2012,2007,February,9
M Countdown,Seven,When I Can't Sing,2012,2003,February,16
M Countdown,F.T. Island,Severely,2012,2007,February,23
M Countdown,Miss A,Touch,2012,2010,March,1
M Countdown,Big Bang,Blue,2012,2006,March,8
M Countdown,Big Bang,Fantastic Baby,2012,2006,March,15
M Countdown,Big Bang,Fantastic Baby,2012,2006,March,22
M Countdown,SHINee,Sherlock (Clue + Note),2012,2008,March,29
M Countdown,CNBLUE,Hey You,2012,2009,April,5
M Countdown,Busker Busker,Cherry Blossom Ending,2012,2012,April,12
M Countdown,Shinhwa,Venus,2012,1998,April,19
M Countdown,Sistar,Alone,2012,2010,April,26
M Countdown,4Minute,Volume Up,2012,2009,May,3
M Countdown,TTS,Twinkle,2012,2012,May,10
M Countdown,TTS,Twinkle,2012,2012,May,17
M Countdown,TTS,Twinkle,2012,2012,May,24
M Countdown,Infinite,The Chaser,2012,2010,May,31
M Countdown,Infinite,The Chaser,2012,2010,June,7
M Countdown,Infinite,The Chaser,2012,2010,June,14
M Countdown,F(x),Electric Shock,2012,2009,June,21
M Countdown,F(x),Electric Shock,2012,2009,June,28
M Countdown,F(x),Electric Shock,2012,2009,July,5
M Countdown,Super Junior,"Sexy, Free & Single",2012,2005,July,12
M Countdown,Super Junior,"Sexy, Free & Single",2012,2005,July,19
M Countdown,Super Junior,"Sexy, Free & Single",2012,2005,July,26
M Countdown,Beast,Beautiful Night,2012,2009,August,2
M Countdown,Beast,Beautiful Night,2012,2009,August,9
M Countdown,Beast,Beautiful Night,2012,2009,August,16
M Countdown,Psy,Gangnam Style,2012,2001,August,23
M Countdown,Psy,Gangnam Style,2012,2001,August,30
M Countdown,Psy,Gangnam Style,2012,2001,September,6
M Countdown,Kara,Pandora,2012,2007,September,13
M Countdown,F.T. Island,I Wish,2012,2007,September,20
M Countdown,G-Dragon,Crayon,2012,2006,September,27
M Countdown,G-Dragon,Crayon,2012,2006,October,4
M Countdown,G-Dragon,Crayon,2012,2006,October,11
M Countdown,Gain,Bloom,2012,2006,October,18
M Countdown,K.Will,Please Don't…,2012,2007,October,25
M Countdown,K.Will,Please Don't…,2012,2007,November,1
M Countdown,Lee Hi,"1,2,3,4",2012,2012,November,8
M Countdown,Lee Hi,"1,2,3,5",2012,2012,November,15
M Countdown,Lee Hi,"1,2,3,6",2012,2012,November,22
M Countdown,Lee Seung Gi,Return,2012,2004,November,29
M Countdown,Lee Seung Gi,Return,2012,2004,December,6
M Countdown,Lee Seung Gi,Return,2012,2004,December,13
M Countdown,Yang Yoseob,Caffeine,2012,2009,December,20
M Countdown,Yang Yoseob,Caffeine,2012,2009,December,27
M Countdown,Yang Yoseob,Caffeine,2013,2009,January,3
M Countdown,Girls' Generation,I Got a Boy,2013,2007,January,10
M Countdown,Girls' Generation,I Got a Boy,2013,2007,January,17
M Countdown,Girls' Generation,I Got a Boy,2013,2007,January,24
M Countdown,Baechigi,Shower Of Tears,2013,2005,January,31
M Countdown,Sistar19,Gone Not Around Any Longer,2013,2011,February,7
M Countdown,Sistar19,Gone Not Around Any Longer,2013,2011,February,14
M Countdown,Sistar19,Gone Not Around Any Longer,2013,2011,February,21
M Countdown,SHINee,Dream Girl,2013,2008,February,28
M Countdown,SHINee,Dream Girl,2013,2008,March,7
M Countdown,SHINee,Dream Girl,2013,2008,March,14
M Countdown,Lee Hi,It's Over,2013,2012,March,21
M Countdown,Davichi,Just The Two Of Us,2013,2008,March,28
M Countdown,Infinite,Man In Love,2013,2010,April,4
M Countdown,Lee Hi,Rose,2013,2012,April,11
M Countdown,Psy,Gentleman,2013,2001,April,18
M Countdown,Psy,Gentleman,2013,2001,April,25
M Countdown,Psy,Gentleman,2013,2001,May,2
M Countdown,4Minute,What's Your Name?,2013,2009,May,9
M Countdown,4Minute,What's Your Name?,2013,2009,May,16
M Countdown,Shinhwa,This Love,2013,1998,May,23
M Countdown,Shinhwa,This Love,2013,1998,May,30
M Countdown,Shinhwa,This Love,2013,1998,June,6
M Countdown,Lee Hyori,Bad Girls,2013,1998,June,13
M Countdown,Sistar,Give It To Me,2013,2010,June,20
M Countdown,Sistar,Give It To Me,2013,2010,June,27
M Countdown,Sistar,Give It To Me,2013,2010,July,4
M Countdown,Dynamic Duo,BAAAM,2013,2004,July,11
M Countdown,2NE1,Falling in Love,2013,2009,July,18
M Countdown,Infinite,Destiny,2013,2010,July,25
M Countdown,Beast,Shadow,2013,2009,August,1
M Countdown,F(x),Rum Pum Pum Pum,2013,2009,August,8
M Countdown,2NE1,Do You Love Me,2013,2009,August,15
M Countdown,EXO,Growl,2013,2012,August,22
M Countdown,EXO,Growl,2013,2012,August,29
M Countdown,EXO,Growl,2013,2012,September,5
M Countdown,G-Dragon,Black ft. Jennie,2013,2006,September,12
M Countdown,G-Dragon,Black ft. Jennie,2013,2006,September,19
M Countdown,G-Dragon,Crooked,2013,2006,September,26
M Countdown,Busker Busker,"Love, at first",2013,2012,October,3
M Countdown,Busker Busker,"Love, at first",2013,2012,October,10
M Countdown,IU,The Red Shoes,2013,2008,October,17
M Countdown,IU,The Red Shoes,2013,2008,October,24
M Countdown,SHINee,Everybody,2013,2008,October,31
M Countdown,Trouble Marker,Now,2013,2011,November,7
M Countdown,Trouble Marker,Now,2013,2011,November,14
M Countdown,Miss A,Hush,2013,2010,November,21
M Countdown,2NE1,Missing You,2013,2009,November,28
M Countdown,2NE1,Missing You,2013,2009,December,5
M Countdown,Hyolyn,One Way Love,2013,2010,December,12
M Countdown,EXO,Mircales in December,2013,2012,December,19
M Countdown,EXO,Mircales in December,2013,2012,December,26
M Countdown,EXO,Mircales in December,2014,2012,January,2
M Countdown,Rain,30 Sexy,2014,1999,January,9
M Countdown,TVXQ,Something,2014,2003,January,16
M Countdown,TVXQ,Something,2014,2003,January,23
M Countdown,TVXQ,Something,2014,2003,January,30
M Countdown,Girl's Day,Something,2014,2010,February,6
M Countdown,Girl's Day,Something,2014,2010,February,13
M Countdown,Soyou & Junggigo,Some,2014,2010,February,20
M Countdown,Soyou & Junggigo,Some,2014,2010,February,27
M Countdown,Girls' Generation,Mr. Mr.,2014,2007,March,6
M Countdown,Girls' Generation,Mr. Mr.,2014,2007,March,13
M Countdown,2NE1,Come Back Home,2014,2009,March,20
M Countdown,2NE1,Come Back Home,2014,2009,March,27
M Countdown,4Minute,Whatcha Doin' Today,2014,2009,April,3
M Countdown,Apink,Mr. Chu,2014,2011,April,10
M Countdown,AKMU,200%,2014,2014,April,17
M Countdown,AKMU,200%,2014,2014,April,24
M Countdown,AKMU,200%,2014,2014,May,1
M Countdown,Apink,Mr. Chu,2014,2011,May,8
M Countdown,EXO,Overdose,2014,2012,May,15
M Countdown,EXO,Overdose,2014,2012,May,22
M Countdown,Infinite,Last Romeo,2014,2010,May,29
M Countdown,Infinite,Last Romeo,2014,2010,June,5
M Countdown,Taeyang,"Eyes, Nose, Lips",2014,2006,June,12
M Countdown,Taeyang,"Eyes, Nose, Lips",2014,2006,June,19
M Countdown,Beast,Good Luck,2014,2009,June,26
M Countdown,Taeyang,"Eyes, Nose, Lips",2014,2006,July,3
M Countdown,K.Will,Day 1,2014,2007,July,10
M Countdown,F(x),Red Light,2014,2009,July,17
M Countdown,B1A4,Solo Day,2014,2011,July,24
M Countdown,Sistar,Touch My Body,2014,2010,July,31
M Countdown,Sistar,Touch My Body,2014,2010,August,7
M Countdown,Block B,H.E.R,2014,2011,August,14
M Countdown,Winner,Empty,2014,2014,August,21
M Countdown,Winner,Empty,2014,2014,August,28
M Countdown,Sistar,I Swear,2014,2010,September,4
M Countdown,Super Junior,Mamacita,2014,2005,September,11
M Countdown,Winner,Empty,2014,2014,September,18
M Countdown,TTS,Holler,2014,2012,September,25
M Countdown,TTS,Holler,2014,2012,October,2
M Countdown,Ailee,Don't Touch Me,2014,2012,October,9
M Countdown,Roy Kim,Home,2014,2013,October,16
M Countdown,Gaeko,No Make Up,2014,2004,October,23
M Countdown,Epik High,Happen Ending,2014,2003,October,30
M Countdown,Epik High,Happen Ending,2014,2003,November,6
M Countdown,Epik High,Happen Ending,2014,2003,November,13
M Countdown,Kyuhyun,At Gwanghwamun,2014,2005,November,20
M Countdown,Kyuhyun,At Gwanghwamun,2014,2005,November,27
M Countdown,Apink,Luv,2014,2011,December,18
M Countdown,Apink,Luv,2014,2011,December,25
M Countdown,EXID,Up & Down,2015,2012,January,8
M Countdown,EXID,Up & Down,2015,2012,January,15
M Countdown,Jonghyun,Deja Boo,2015,2008,January,22
M Countdown,Mad Clown,Fire,2015,2008,January,29
M Countdown,Davichi,Cry Again,2015,2008,February,5
M Countdown,Infinite H,Pretty,2015,2013,February,12
M Countdown,4Minute,Crazy,2015,2009,February,19
M Countdown,4Minute,Crazy,2015,2009,February,26
M Countdown,VIXX,Love Equation,2015,2012,March,5
M Countdown,Shinhwa,Sniper,2015,1998,March,12
M Countdown,Shinhwa,Sniper,2015,1998,March,19
M Countdown,Shinhwa,Sniper,2015,1998,March,26
M Countdown,Red Velvet,Ice Ceam Cake,2015,2014,April,2
M Countdown,EXO,Call Me Baby,2015,2012,April,9
M Countdown,EXO,Call Me Baby,2015,2012,April,17
M Countdown,EXO,Call Me Baby,2015,2012,April,30
M Countdown,BTS,I Need U,2015,2013,May,7
M Countdown,Big Bang,Loser,2015,2006,May,14
M Countdown,Big Bang,Loser,2015,2006,May,21
M Countdown,SHINee,View,2015,2008,May,28
M Countdown,SHINee,View,2015,2008,June,4
M Countdown,Big Bang,Bang Bang Bang,2015,2006,June,11
M Countdown,EXO,Love Me Right,2015,2012,June,18
M Countdown,Big Bang,Bang Bang Bang,2015,2006,June,25
M Countdown,Sistar,Shake It,2015,2010,July,2
M Countdown,Big Bang,Sober,2015,2006,July,9
M Countdown,Girls' Generation,Party,2015,2007,July,16
M Countdown,Infinite,Bad,2015,2010,July,23
M Countdown,Apink,Remember,2015,2011,July,30
M Countdown,Beast,YeY,2015,2009,August,6
M Countdown,GD & TOP,Zutter,2015,2010,August,20
M Countdown,Girls' Generation,Lion Heart,2015,2007,August,27
M Countdown,Girls' Generation,Lion Heart,2015,2007,September,3
M Countdown,Girls' Generation,Lion Heart,2015,2007,September,10
M Countdown,Red Velvet,Dumb Dumb,2015,2014,September,17
M Countdown,Red Velvet,Dumb Dumb,2015,2014,September,24
M Countdown,Soyou & Kwon Jeong Yeol,Lean On Me,2015,2010,October,1
M Countdown,iKon,Rhythm Ta,2015,2015,October,8
M Countdown,Taeyeon,I,2015,2007,October,15
M Countdown,Taeyeon,I,2015,2007,October,22
M Countdown,Taeyeon,I,2015,2007,October,29
M Countdown,F(x),4 Walls,2015,2009,November,5
M Countdown,F(x),4 Walls,2015,2009,November,19
M Countdown,Dynamic Duo,Jam,2015,2004,November,26
M Countdown,Psy,Daddy,2015,2001,December,17
M Countdown,Psy,Daddy,2015,2001,December,24
M Countdown,Psy,Daddy,2016,2001,January,7
M Countdown,iKon,Dumb & Dumber,2016,2015,January,14
M Countdown,iKon,Dumb & Dumber,2016,2015,January,21
M Countdown,iKon,Dumb & Dumber,2016,2015,January,28
M Countdown,GFriend,Rough,2016,2015,February,4
M Countdown,GFriend,Rough,2016,2015,February,11
M Countdown,GFriend,Rough,2016,2015,February,18
M Countdown,Winner,Sentimental,2016,2014,February,25
M Countdown,Taemin,Press Your Number,2016,2008,March,3
M Countdown,Mamamoo,You're The Best,2016,2014,March,10
M Countdown,Lee Hi,Breathe,2016,2012,March,17
M Countdown,Red Velvet,One of These Nights,2016,2014,March,24
M Countdown,Red Velvet,One of These Nights,2016,2014,March,31
M Countdown,GOT7,Fly,2016,2014,April,7
M Countdown,BTOB,Remember That,2016,2012,April,14
M Countdown,CNBLUE,You're So Fine,2016,2009,April,21
M Countdown,Block B,Toy,2016,2011,April,28
M Countdown,Jung Eun Ji,Hopefully Sky,2016,2010,May,5
M Countdown,Twice,Cheer Up,2016,2015,May,12
M Countdown,BTS,Fire,2016,2013,May,19
M Countdown,Twice,Cheer Up,2016,2015,May,26
M Countdown,Twice,Cheer Up,2016,2015,June,2
M Countdown,Baek A Yeon,So So,2016,2012,June,9
M Countdown,Baek A Yeon,So So,2016,2012,June,16
M Countdown,EXO,Monster,2016,2012,June,23
M Countdown,EXO,Monster,2016,2012,June,30
M Countdown,EXO,Monster,2016,2012,July,7
M Countdown,Sistar,I Like That,2016,2010,July,14
M Countdown,Wonder Girls,Why So Lonely,2016,2007,July,21
M Countdown,GFriend,Navillera,2016,2015,July,28
M Countdown,GFriend,Navillera,2016,2015,August,4
M Countdown,GFriend,Navillera,2016,2015,August,11
M Countdown,HyunA,How's This?,2016,2009,August,18
M Countdown,I.O.I,Whatta Man,2016,2016,August,25
M Countdown,EXO,Lotto,2016,2012,September,1
M Countdown,EXO,Lotto,2016,2012,September,8
M Countdown,Blackpink,Whistle,2016,2016,September,15
M Countdown,Red Velvet,Russian Routlette,2016,2014,September,22
M Countdown,Red Velvet,Russian Routlette,2016,2014,September,29
M Countdown,Infinite,The Eye,2016,2010,October,6
M Countdown,GOT7,Hard Carry,2016,2014,October,13
M Countdown,SHINee,1 of 1,2016,2008,October,20
M Countdown,BTS,Blood Sweat & Tears,2016,2013,October,27
M Countdown,I.O.I,Very Very Very,2016,2016,November,3
M Countdown,Twice,TT,2016,2015,November,10
M Countdown,Twice,TT,2016,2015,November,17
M Countdown,Seventeen,Boom Boom,2016,2015,December,15
M Countdown,Big Bang,Fxxk It,2016,2006,December,22
M Countdown,Big Bang,Fxxk It,2017,2006,January,5
M Countdown,Big Bang,Fxxk It,2017,2006,January,12
M Countdown,AKMU,Last Goodbye,2017,2014,January,19
M Countdown,Seohyun,Don't Say No,2017,2007,January,26
M Countdown,AOA,Excuse Me,2017,2012,February,2
M Countdown,Red Velvet,Rookie,2017,2014,February,9
M Countdown,Red Velvet,Rookie,2017,2014,February,16
M Countdown,BTS,Spring Day,2017,2013,February,23
M Countdown,Twice,Knock Knock,2017,2015,March,2
M Countdown,Taeyeon,Fine,2017,2007,March,9
M Countdown,Twice,Knock Knock,2017,2015,March,16
M Countdown,GOT7,Never Ever,2017,2014,March,23
M Countdown,Highlight,Plz Don't Be Sad,2017,2009,March,30
M Countdown,Highlight,Plz Don't Be Sad,2017,2009,April,6
M Countdown,Winner,Really Really,2017,2014,April,13
M Countdown,Winner,Really Really,2017,2014,April,20
M Countdown,IU,Palette,2017,2008,April,27
M Countdown,IU,Palette,2017,2008,May,4
M Countdown,Hyukoh,Tomboy,2017,2014,May,11
M Countdown,Psy,I Luv It,2017,2001,May,18
M Countdown,Twice,Signal,2017,2015,May,25
M Countdown,Twice,Signal,2017,2015,June,1
M Countdown,Highlight,Calling You,2017,2009,June,8
M Countdown,Seventeen,Don't Wanna Cry,2017,2015,June,15
M Countdown,NCT 127,Cherry Bomb,2017,2016,June,22
M Countdown,Mamamoo,Yes I Am,2017,2014,June,29
M Countdown,Mamamoo,Yes I Am,2017,2014,July,6
M Countdown,Mamamoo,Yes I Am,2017,2014,July,13
M Countdown,Red Velvet,Red Flavor,2017,2014,July,20
M Countdown,EXO,Ko Ko Bop,2017,2012,July,27
M Countdown,EXO,Ko Ko Bop,2017,2012,August,3
M Countdown,EXO,Ko Ko Bop,2017,2012,August,10
M Countdown,Wanna One,Energetic,2017,2017,August,17
M Countdown,Wanna One,Energetic,2017,2017,August,24
M Countdown,Wanna One,Energetic,2017,2017,August,31
M Countdown,Sunmi,Gashina,2017,2007,September,7
M Countdown,EXO,Power,2017,2012,September,14
M Countdown,GFriend,Summer Rain,2017,2015,September,21
M Countdown,BTS,DNA,2017,2013,September,28
M Countdown,BTS,DNA,2017,2013,October,5
M Countdown,NU'EST W,Where You At,2017,2017,October,19
M Countdown,BTOB,Missing You,2017,2012,October,26
M Countdown,BTOB,Missing You,2017,2012,November,2
M Countdown,Twice,Likey,2017,2015,November,9
M Countdown,Twice,Likey,2017,2015,November,16
M Countdown,Wanna One,Beautiful,2017,2017,December,21
M Countdown,Twice,Heart Shaker,2017,2015,December,28
Show! Music Core,Epik High,Fly,2005,2003,October,29
Show! Music Core,Epik High,Fly,2005,2003,November,5
Show! Music Core,Epik High,Fly,2005,2003,November,12
Show! Music Core,G.O.D,2 Love,2005,1999,November,19
Show! Music Core,G.O.D,2 Love,2005,1999,November,26
Show! Music Core,G.O.D,2 Love,2005,1999,December,3
Show! Music Core,G.O.D,2 Love,2005,1999,December,10
Show! Music Core,Tei,Screaming I Miss You,2005,2004,December,17
Show! Music Core,MC the Max,Love is Supposed to Hurt,2005,2000,December,24
Show! Music Core,MC the Max,Love is Supposed to Hurt,2005,2000,December,31
Show! Music Core,Infinite,Man In Love,2013,2010,April,20
Show! Music Core,Psy,Gentleman,2013,2001,April,27
Show! Music Core,Cho Yong Pil,Bounce,2013,1968,May,4
Show! Music Core,Roy Kim,Spring Spring Spring,2013,2013,May,11
Show! Music Core,B1A4,What's Going On,2013,2011,May,18
Show! Music Core,Shinhwa,This Love,2013,1998,May,25
Show! Music Core,Shinhwa,This Love,2013,1998,June,1
Show! Music Core,Beast,Will You Be Okay?,2013,2009,June,8
Show! Music Core,EXO,Wolf,2013,2012,June,15
Show! Music Core,Sistar,Give It To Me,2013,2010,June,22
Show! Music Core,Sistar,Give It To Me,2013,2010,June,29
Show! Music Core,Roy Kim,Love Love Love,2013,2013,July,6
Show! Music Core,Dynamic Duo,BAAAM,2013,2004,July,13
Show! Music Core,2NE1,Falling in Love,2013,2009,July,20
Show! Music Core,Infinite,Destiny,2013,2010,July,27
Show! Music Core,Beast,Shadow,2013,2009,August,3
Show! Music Core,EXO,Growl,2013,2012,August,24
Show! Music Core,EXO,Growl,2013,2012,August,31
Show! Music Core,EXO,Growl,2013,2012,September,7
Show! Music Core,Soyou & Mad Clown,Stupid In Love,2013,2013,September,28
Show! Music Core,Busker Busker,"Love, at first",2013,2012,October,5
Show! Music Core,Busker Busker,"Love, at first",2013,2012,October,12
Show! Music Core,IU,The Red Shoes,2013,2008,October,19
Show! Music Core,SHINee,Everybody,2013,2008,October,26
Show! Music Core,K.Will,You Don't Know Love,2013,2007,November,2
Show! Music Core,Trouble Marker,Now,2013,2011,November,9
Show! Music Core,Davichi,The Letter,2013,2008,November,23
Show! Music Core,2NE1,Missing You,2013,2009,November,30
Show! Music Core,Hyolyn,One Way Love,2013,2010,December,7
Show! Music Core,EXO,Miracles in December,2013,2012,December,14
Show! Music Core,EXO,Miracles in December,2013,2012,December,21
Show! Music Core,IU,Friday,2014,2008,January,4
Show! Music Core,Girl's Day,Something,2014,2010,January,11
Show! Music Core,TVXQ,Something,2014,2003,January,18
Show! Music Core,B1A4,Lonely,2014,2011,January,25
Show! Music Core,B1A4,Lonely,2014,2011,February,8
Show! Music Core,B.A.P,1004 (Angel),2014,2012,February,15
Show! Music Core,Soyou & Junggigo,Some,2014,2010,February,22
Show! Music Core,Soyou & Junggigo,Some,2014,2010,March,1
Show! Music Core,TVXQ,Spellbound,2014,2003,March,8
Show! Music Core,Girl's Generation,Mr. Mr.,2014,2007,March,15
Show! Music Core,Girl's Generation,Mr. Mr.,2014,2007,March,22
Show! Music Core,Park Hyo Shin,Wild Flower,2014,1999,March,29
Show! Music Core,Apink,Mr. Chu,2014,2011,April,5
Show! Music Core,AKMU,200%,2014,2014,April,12
Show! Music Core,AKMU,200%,2014,2014,April,19
Show! Music Core,AKMU,200%,2014,2014,April,26
Show! Music Core,AKMU,200%,2014,2014,May,3
Show! Music Core,EXO,Overdose,2014,2012,May,10
Show! Music Core,EXO,Overdose,2014,2012,May,17
Show! Music Core,Fly to the Sky,You You You,2014,1999,May,24
Show! Music Core,Gary & Jungin,Your Scent,2014,2012,May,31
Show! Music Core,Taeyang,"Eyes, Nose, Lips",2014,2006,June,7
Show! Music Core,Beast,No More,2014,2009,June,14
Show! Music Core,Beast,Good Luck,2014,2009,June,21
Show! Music Core,Beast,Good Luck,2014,2009,June,28
Show! Music Core,Beast,Good Luck,2014,2009,July,5
Show! Music Core,F(x),Red Light,2014,2009,July,12
Show! Music Core,Girl's Day,Darling,2014,2010,July,19
Show! Music Core,Infinite,Back,2014,2010,July,26
Show! Music Core,Sistar,Touch My Body,2014,2010,August,2
Show! Music Core,Sistar,Touch My Body,2014,2010,August,9
Show! Music Core,Block B,H.E.R,2014,2011,August,16
Show! Music Core,Taemin,Danger,2014,2008,August,23
Show! Music Core,Sistar,I Swear,2014,2010,August,30
Show! Music Core,Super Junior,Mamacita,2014,2005,September,6
Show! Music Core,Super Junior,Mamacita,2014,2005,September,13
Show! Music Core,Beast,12:30,2014,2009,September,20
Show! Music Core,TTS,Holler,2014,2012,October,11
Show! Music Core,Roy Kim,Home,2014,2013,October,18
Show! Music Core,Beast,12:30,2014,2009,November,1
Show! Music Core,Beast,13:30,2014,2009,November,8
Show! Music Core,MC Mong,Miss Me Or Diss Me,2014,1998,November,15
Show! Music Core,Kyuhyun,At Gwanghwamun,2014,2005,November,22
Show! Music Core,Toy,Three of Us,2014,1994,November,29
Show! Music Core,Apink,Luv,2014,2011,December,6
Show! Music Core,Apink,Luv,2014,2011,December,13
Show! Music Core,Apink,Luv,2014,2011,December,20
Show! Music Core,Apink,Luv,2015,2011,January,3
Show! Music Core,Apink,Luv,2015,2011,January,10
Show! Music Core,Jonghyun,Deja Boo,2015,2008,January,17
Show! Music Core,Jonghyun,Deja Boo,2015,2008,January,24
Show! Music Core,Davichi,Cry Again,2015,2008,January,31
Show! Music Core,Infinite H,Pretty,2015,2013,February,7
Show! Music Core,Zion. T & Crush,Just,2015,2011,February,14
Show! Music Core,4Minute,Crazy,2015,2009,February,21
Show! Music Core,Niel,Love Killer,2015,2010,February,28
Show! Music Core,VIXX,Love Equation,2015,2012,March,7
Show! Music Core,Shinhwa,Sniper,2015,1998,March,14
Show! Music Core,Shinhwa,Sniper,2015,1998,March,21
Show! Music Core,Red Velvet,Ice Cream Cake,2015,2014,April,4
Show! Music Core,EXO,Call Me Baby,2015,2012,April,11
Show! Music Core,EXO,Call Me Baby,2015,2012,April,18
Show! Music Core,EXO,Call Me Baby,2015,2012,April,25
Show! Music Core,EXO,Call Me Baby,2015,2012,May,2
Show! Music Core,Big Bang,Loser,2015,2006,May,9
Show! Music Core,Big Bang,Loser,2015,2006,May,16
Show! Music Core,Kim Sung Kyu,The Answer,2015,2010,May,23
Show! Music Core,SHINee,View,2015,2008,June,6
Show! Music Core,EXO,Love Me Right,2015,2012,June,13
Show! Music Core,EXO,Love Me Right,2015,2012,June,20
Show! Music Core,EXO,Love Me Right,2015,2012,June,27
Show! Music Core,AOA,Heart Attack,2015,2012,July,4
Show! Music Core,Big Bang,Sober,2015,2006,July,11
Show! Music Core,Girls' Generation,Party,2015,2007,July,18
Show! Music Core,Infinite,Bad,2015,2010,July,25
Show! Music Core,Beast,YeY,2015,2009,August,8
Show! Music Core,Big Bang,Let's Not Fall in Love,2015,2006,August,15
Show! Music Core,Big Bang,Let's Not Fall in Love,2015,2006,August,22
Show! Music Core,Girls' Generation,Lion Heart,2015,2007,August,29
Show! Music Core,Girls' Generation,Lion Heart,2015,2007,September,19
Show! Music Core,iKon,My Type,2015,2015,September,26
Show! Music Core,Park Kyung,Ordinary Love,2015,2009,October,3
Show! Music Core,Taeyeon,I,2015,2007,October,24
Show! Music Core,IU,Twenty Three,2015,2008,November,14
Show! Music Core,Winner,Really Really,2017,2014,April,22
Show! Music Core,IU,Palette,2017,2008,April,29
Show! Music Core,IU,Palette,2017,2008,May,6
Show! Music Core,Sechs Kies,Be Well,2017,1997,May,13
Show! Music Core,Sechs Kies,Be Well,2017,1997,May,20
Show! Music Core,Twice,Signal,2017,2015,May,27
Show! Music Core,Twice,Signal,2017,2015,June,3
Show! Music Core,Highlight,Calling You,2017,2009,June,10
Show! Music Core,G-Dragon,"Untitled, 2014",2017,2006,June,17
Show! Music Core,G-Dragon,"Untitled, 2014",2017,2006,June,24
Show! Music Core,Mamamoo,Yes I Am,2017,2014,July,1
Show! Music Core,Apink,Five,2017,2011,July,8
Show! Music Core,Apink,Five,2017,2011,July,15
Show! Music Core,Red Velvet,Red Flavor,2017,2014,July,22
Show! Music Core,EXO,Ko Ko Bop,2017,2012,August,5
Show! Music Core,EXO,Ko Ko Bop,2017,2012,August,12
Show! Music Core,Wanna One,Energetic,2017,2017,August,19
Show! Music Core,Wanna One,Energetic,2017,2017,August,26
Show! Music Core,Wanna One,Energetic,2017,2017,September,2
Show! Music Core,Wanna One,Beautiful,2017,2017,November,25
Show! Music Core,Wanna One,Beautiful,2017,2017,December,2
Show! Music Core,Wanna One,Beautiful,2017,2017,December,9
Show! Music Core,Wanna One,Beautiful,2017,2017,December,16
Show! Music Core,Twice,Heart Shaker,2017,2015,December,23
The Show,VIXX,Error,2014,2012,October,28
The Show,VIXX,Error,2014,2012,November,4
The Show,Boyfriend,Witch,2014,2011,November,11
The Show,Zhoumi,Rewind,2014,2008,November,18
The Show,Hyolyn and Jooyoung,Erase,2014,2010,November,25
The Show,Apink,Luv,2014,2011,December,2
The Show,Apink,Luv,2014,2011,December,9
The Show,Apink,Luv,2014,2011,December,16
The Show,EXID,Up & Down,2015,2012,January,13
The Show,Jonghyun,Deja Boo,2015,2008,January,20
The Show,Jonghyun,Deja Boo,2015,2008,January,27
The Show,Infinite H,Pretty,2015,2013,February,3
The Show,Infinite H,Pretty,2015,2013,February,10
The Show,UKISS,Playground,2015,2008,February,17
The Show,VIXX,Love Equation,2015,2012,March,3
The Show,VIXX,Love Equation,2015,2012,March,10
The Show,VIXX,Love Equation,2015,2012,March,17
The Show,Boyfriend,Bounce,2015,2011,March,24
The Show,Red Velvet,Ice Cream Cake,2015,2014,March,31
The Show,F.T. Island,Pray,2015,2007,April,7
The Show,F.T. Island,Pray,2015,2007,April,14
The Show,EXID,Ah Yeah,2015,2012,April,21
The Show,EXO,Call Me Baby,2015,2012,April,28
The Show,BTS,I Need U,2015,2013,May,5
The Show,BTS,I Need U,2015,2013,May,12
The Show,Kim Sung Kyu,The Answer,2015,2010,May,19
The Show,UNIQ,EOEO,2015,2014,May,26
The Show,Kara,Cupid,2015,2007,June,2
The Show,SHINee,View,2015,2008,June,9
The Show,EXO,Love Me Right,2015,2012,June,16
The Show,2PM,My House,2015,2009,June,23
The Show,Teen Top,Ah Ah,2015,2010,June,30
The Show,AOA,Heart Attack,2015,2012,July,7
The Show,Girls' Generation,Party,2015,2007,July,14
The Show,Infinite,Bad,2015,2010,July,21
The Show,Infinite,Bad,2015,2010,July,28
The Show,Girls' Generation,Lion Heart,2015,2007,September,1
The Show,VIXX LR,Beautiful Liar,2015,2015,September,15
The Show,Red Velvet,Dumb Dumb,2015,2014,September,22
The Show,CNBLUE,Cinderella,2015,2009,September,29
The Show,CNBLUE,Cinderella,2015,2009,October,6
The Show,GOT7,If You Do,2015,2014,October,13
The Show,GOT7,If You Do,2015,2014,October,20
The Show,GOT7,If You Do,2015,2014,October,27
The Show,Kim Dong Wan,I'm Fine,2015,1998,November,3
The Show,F(x),4 Walls,2015,2009,November,10
The Show,VIXX,Chained Up,2015,2012,November,17
The Show,Lee Hong Gi,Insensible,2015,2015,November,24
The Show,B.A.P,"Young, Wild & Free",2015,2012,December,1
The Show,BTS,Run,2015,2013,December,8
The Show,Teen Top,Warning Sign,2016,2010,January,26
The Show,GFriend,Rough,2016,2015,February,2
The Show,SS301,Pain,2016,2008,February,16
The Show,Taemin,Press Your Number,2016,2008,February,23
The Show,B.A.P,Feel So Good,2016,2012,March,1
The Show,Mamamoo,You're The Best,2016,2014,March,8
The Show,Red Velvet,One of These Nights,2016,2014,March,15
The Show,GOT7,Fly,2016,2014,March,22
The Show,GOT7,Fly,2016,2014,March,29
The Show,CNBLUE,You're So Fine,2016,2009,April,5
The Show,CNBLUE,You're So Fine,2016,2009,April,12
The Show,VIXX,Dynamite,2016,2012,April,29
The Show,VIXX,Dynamite,2016,2012,April,26
The Show,VIXX,Dynamite,2016,2012,May,3
The Show,Tiffany,I Just Wanna Dance,2016,2007,May,10
The Show,AOA,Good Luck,2016,2008,May,17
The Show,Jonghyun,She Is,2016,2008,May,24
The Show,EXID,L.I.E.,2016,2012,May,31
The Show,EXO,Monster,2016,2012,June,14
The Show,Sistar,I Like That,2016,2010,June,21
The Show,EXID,L.I.E.,2016,2012,June,28
The Show,Wonder Girls,Why So Lonely,2016,2007,July,5
The Show,GFriend,Navillera,2016,2015,July,12
The Show,F.T. Island,Take Me Now,2016,2007,July,19
The Show,GFriend,Navillera,2016,2015,July,26
The Show,GFriend,Navillera,2016,2015,August,2
The Show,I.O.I,Whatta Man,2016,2016,August,9
The Show,VIXX,Fantasy,2016,2012,August,16
The Show,I.O.I,Whatta Man,2016,2016,August,23
The Show,VIXX,Fantasy,2016,2012,August,30
The Show,Red Velvet,Russian Routlette,2016,2014,September,6
The Show,Red Velvet,Russian Routlette,2016,2014,September,13
The Show,SHINee,1 of 1,2016,2008,September,20
The Show,GOT7,Hard Carry,2016,2014,October,11
The Show,BTS,Blood Sweat & Tears,2016,2013,October,18
The Show,Twice,TT,2016,2015,October,25
The Show,VIXX,The Closer,2016,2012,November,1
The Show,EXO-CBX,Hey Mama!,2016,2016,November,8
The Show,B.A.P,Skydive,2016,2012,November,15
The Show,Mamamoo,Décalcomanie,2016,2014,November,22
The Show,B1A4,A Lie,2016,2011,November,29
The Show,Seventeen,Boom Boom,2017,2015,December,13
The Show,Red Velvet,Rookie,2017,2014,February,7
The Show,NCT Dream,My First and Last,2017,2016,February,14
The Show,NCT Dream,My First and Last,2017,2016,February,21
The Show,NCT Dream,My First and Last,2017,2016,February,28
The Show,Twice,Knock Knock,2017,2015,March,7
The Show,GFriend,Fingertip,2017,2015,March,14
The Show,GOT7,Never Ever,2017,2014,March,21
The Show,Highlight,Plz Don't Be Sad,2017,2009,March,28
The Show,Girl's Day,I'll Be Yours,2017,2010,April,4
The Show,GFriend,Fingertip,2017,2015,April,11
The Show,Jung Eun Ji,The Spring,2017,2011,April,18
The Show,EXID,Night Rather Than Day,2017,2012,April,25
The Show,EXID,Night Rather Than Day,2017,2012,May,2
The Show,Lovelyz,"Now, We",2017,2014,May,16
The Show,VIXX,Shangri La,2017,2012,May,23
The Show,Seventeen,Don't Wanna Cry,2017,2015,May,30
The Show,Seventeen,Don't Wanna Cry,2017,2015,June,13
The Show,Tara,What's My Name?,2017,2009,June,20
The Show,Mamamoo,Yes I Am,2017,2014,June,27
The Show,Apink,Five,2017,2011,July,4
The Show,Apink,Five,2017,2011,July,11
The Show,Red Velvet,Red Flavor,2017,2014,July,18
The Show,EXO,Ko Ko Bop,2017,2012,July,25
The Show,EXO,Ko Ko Bop,2017,2012,August,1
The Show,GFriend,Love Whisper,2017,2015,August,8
The Show,Wanna One,Energetic,2017,2017,August,22
The Show,Wanna One,Energetic,2017,2017,August,29
The Show,NCT Dream,We Young,2017,2016,September,5
The Show,EXO,Power,2017,2012,September,12
The Show,GFriend,Summer Rain,2017,2015,September,19
The Show,BTS,DNA,2017,2013,September,26
The Show,Bolbbalgan4,Some,2017,2016,October,17
The Show,Highlight,Can Be Better,2017,2009,October,24
The Show,Monsta X,Dramarama,2017,2015,November,17
The Show,EXID,DDD,2017,2012,November,21
The Show,Lovelyz,Twinkle,2017,2014,November,28
Inkigayo,SHINee,Dream Girl,2013,2008,March,17
Inkigayo,Lee Hi,It's Over,2013,2012,March,24
Inkigayo,Infinite,Man In Love,2013,2010,March,31
Inkigayo,Infinite,Man In Love,2013,2010,April,7
Inkigayo,Lee Hi,Rose,2013,2012,April,14
Inkigayo,Psy,Gentleman,2013,2001,April,21
Inkigayo,Psy,Gentleman,2013,2001,April,28
Inkigayo,Psy,Gentleman,2013,2001,May,5
Inkigayo,4Minute,What's Your Name?,2013,2009,May,19
Inkigayo,4Minute,What's Your Name?,2013,2009,May,26
Inkigayo,Lee Hyori,Bad Girls,2013,1998,June,2
Inkigayo,CL,The Baddest Female,2013,2009,June,9
Inkigayo,EXO,Wolf,2013,2012,June,16
Inkigayo,Sistar,Give It To Me,2013,2010,June,23
Inkigayo,Sistar,Give It To Me,2013,2010,June,30
Inkigayo,Girl's Day,Female President,2013,2010,July,7
Inkigayo,2NE1,Falling in Love,2013,2009,July,21
Inkigayo,Infinite,Destiny,2013,2010,July,28
Inkigayo,Beast,Shadow,2013,2009,August,4
Inkigayo,F(x),Rum Pum Pum Pum,2013,2009,August,11
Inkigayo,EXO,Growl,2013,2012,August,18
Inkigayo,EXO,Growl,2013,2012,August,25
Inkigayo,EXO,Growl,2013,2012,September,1
Inkigayo,Teen Top,Rocking,2013,2010,September,8
Inkigayo,G-Dragon,Coup D'état,2013,2006,September,15
Inkigayo,G-Dragon,Crooked,2013,2006,September,22
Inkigayo,G-Dragon,Crooked,2013,2006,September,29
Inkigayo,Busker Busker,"Love, at first",2013,2012,October,6
Inkigayo,Block B,Very Good,2013,2011,October,13
Inkigayo,IU,The Red Shoes,2013,2008,October,20
Inkigayo,SHINee,Everybody,2013,2008,October,27
Inkigayo,K.Will,You Don’t Know Love,2013,2007,November,3
Inkigayo,Trouble Marker,Now,2013,2011,November,10
Inkigayo,Miss A,Hush,2013,2010,November,17
Inkigayo,Taeyang,Ringa Linga,2013,2006,November,24
Inkigayo,2NE1,Missing You,2013,2009,December,1
Inkigayo,2NE1,Missing You,2013,2009,December,8
Inkigayo,EXO,Miracles in December,2013,2012,December,15
Inkigayo,EXO,Miracles in December,2013,2012,December,22
Inkigayo,IU,Friday,2013,2008,December,29
Inkigayo,IU,Saturday,2013,2008,December,22
Inkigayo,Girl's Day,Something,2014,2010,January,5
Inkigayo,TVXQ,Something,2014,2003,January,12
Inkigayo,B1A4,Lonely,2014,2011,January,19
Inkigayo,Girl's Day,Something,2014,2010,January,26
Inkigayo,AOA,Miniskirt,2014,2012,February,2
Inkigayo,B.A.P,1004 (Angel),2014,2012,February,9
Inkigayo,Soyou & Junggigo,Some,2014,2010,February,16
Inkigayo,Sunmi,Full Moon,2014,2007,February,23
Inkigayo,Girls' Generation,Mr. Mr. ,2014,2007,March,2
Inkigayo,2NE1,Come Back Home,2014,2009,March,9
Inkigayo,Girls' Generation,Mr. Mr. ,2014,2007,March,16
Inkigayo,4Minute,Whatcha Doin' Today,2014,2009,March,23
Inkigayo,Park Hyo Shin,Wild Flower,2014,1999,March,30
Inkigayo,Apink,Mr. Chu,2014,2011,April,6
Inkigayo,AKMU,200%,2014,2014,April,13
Inkigayo,AKMU,200%,2014,2014,April,20
Inkigayo,AKMU,200%,2014,2014,April,27
Inkigayo,High4 & IU,"Not Spring, Love, or Cherry Blossom",2014,2014,May,4
Inkigayo,EXO,Overdose,2014,2012,May,11
Inkigayo,EXO,Overdose,2014,2012,May,18
Inkigayo,EXO,Overdose,2014,2012,May,25
Inkigayo,VIXX,Eternity,2014,2012,June,1
Inkigayo,Taeyang,"Eyes, Nose, Lips",2014,2006,June,8
Inkigayo,Taeyang,"Eyes, Nose, Lips",2014,2006,June,15
Inkigayo,Beast,Good Luck,2014,2009,June,22
Inkigayo,Taeyang,"Eyes, Nose, Lips",2014,2006,July,6
Inkigayo,F(x),Red Light,2014,2009,July,13
Inkigayo,Girl's Day,Darling,2014,2010,July,20
Inkigayo,Sistar,Touch My Body,2014,2010,July,27
Inkigayo,Sistar,Touch My Body,2014,2010,August,3
Inkigayo,Sistar,Touch My Body,2014,2010,August,10
Inkigayo,Winner,Empty,2014,2014,August,17
Inkigayo,Winner,Empty,2014,2014,August,24
Inkigayo,Sistar,I Swear,2014,2010,August,31
Inkigayo,Super Junior,Mamacita,2014,2005,September,7
Inkigayo,Super Junior,Mamacita,2014,2005,September,14
Inkigayo,TTS,Holler,2014,2012,September,21
Inkigayo,Ailee,Don't Touch Me,2014,2012,September,28
Inkigayo,Kim Dong Ryul,How I Am,2014,1993,October,5
Inkigayo,IU,Sogyeokdong,2014,2008,October,12
Inkigayo,VIXX,Error,2014,2012,October,19
Inkigayo,Beast,12:30,2014,2009,October,26
Inkigayo,Beast,13:30,2014,2009,November,2
Inkigayo,MC Mong,Miss Me or Diss Me,2014,2014,November,9
Inkigayo,Hi Suhyun,I'm Different,2014,2014,November,16
Inkigayo,GD X Taeyang,Good Boy,2014,2006,November,23
Inkigayo,Apink,Luv,2014,2011,November,30
Inkigayo,Apink,Luv,2014,2011,December,7
Inkigayo,Apink,Luv,2014,2011,December,14
Inkigayo,Apink,Luv,2014,2011,December,28
Inkigayo,GD X Taeyang,Good Boy,2015,2014,January,4
Inkigayo,EXID,Up & Down,2015,2012,January,11
Inkigayo,Jonghyun,Deja Boo,2015,2008,January,18
Inkigayo,Mad Clown,Fire,2015,2008,January,25
Inkigayo,Jung Yonghwa,One Fine Day,2015,2009,February,1
Inkigayo,Infinite H,Pretty,2015,2013,February,8
Inkigayo,Naul,You from the Same Time,2015,1999,February,15
Inkigayo,4Minute,Crazy,2015,2009,February,22
Inkigayo,4Minute,Crazy,2015,2009,March,1
Inkigayo,VIXX,Love Equation,2015,2012,March,8
Inkigayo,Shinhwa,Sniper,2015,1998,March,15
Inkigayo,Shinhwa,Sniper,2015,1998,March,22
Inkigayo,Red Velvet,Ice Cream Cake,2015,2014,March,29
Inkigayo,EXO,Call Me Baby,2015,2012,April,5
Inkigayo,EXO,Call Me Baby,2015,2012,April,12
Inkigayo,EXO,Call Me Baby,2015,2012,April,19
Inkigayo,EXID,Ah Yeah,2015,2012,April,26
Inkigayo,EXID,Ah Yeah,2015,2012,May,3
Inkigayo,Big Bang,Loser,2015,2006,May,10
Inkigayo,Big Bang,Loser,2015,2006,May,17
Inkigayo,Big Bang,Loser,2015,2006,May,24
Inkigayo,SHINee,View,2015,2008,May,31
Inkigayo,SHINee,View,2015,2008,June,7
Inkigayo,Big Bang,Bang Bang Bang,2015,2006,June,14
Inkigayo,EXO,Love Me Right,2015,2012,June,21
Inkigayo,Big Bang,Bang Bang Bang,2015,2006,June,28
Inkigayo,Sistar,Shake It,2015,2010,July,5
Inkigayo,Big Bang,Sober,2015,2006,July,12
Inkigayo,Girls' Generation,Party,2015,2007,July,19
Inkigayo,Girls' Generation,Party,2015,2007,July,26
Inkigayo,Beast,Gotta Go to Work,2015,2009,August,2
Inkigayo,Beast,YeY,2015,2009,August,9
Inkigayo,Big Bang,Let's Not Fall in Love,2015,2006,August,16
Inkigayo,Big Bang,Let's Not Fall in Love,2015,2006,August,23
Inkigayo,Girls' Generation,Lion Heart,2015,2007,August,30
Inkigayo,Girls' Generation,Lion Heart,2015,2007,September,6
Inkigayo,Girls' Generation,Lion Heart,2015,2007,September,13
Inkigayo,Red Velvet,Dumb Dumb,2015,2014,September,20
Inkigayo,iKon,My Type,2015,2015,September,27
Inkigayo,iKon,My Type,2015,2015,October,4
Inkigayo,Im Chang Jung,Love Again,2015,1995,October,11
Inkigayo,Taeyeon,I,2015,2007,October,18
Inkigayo,Taeyeon,I,2015,2007,October,25
Inkigayo,IU,Twenty Three,2015,2008,November,1
Inkigayo,IU,Twenty Three,2015,2008,November,8
Inkigayo,Zico,Boys and Girls,2015,2011,November,15
Inkigayo,Taeyeon,I,2015,2007,November,22
Inkigayo,iKon,Apology,2015,2012,November,29
Inkigayo,EXID,Hot Pink,2015,2012,December,6
Inkigayo,Psy,Daddy,2015,2001,December,13
Inkigayo,Psy,Daddy,2015,2001,December,20
Inkigayo,Psy,Daddy,2015,2001,December,27
Inkigayo,Turbo,Again,2016,1995,January,3
Inkigayo,Gary,Lonely Night,2016,2014,January,10
Inkigayo,Suzy & Baekhyun,Dream,2016,2016,January,17
Inkigayo,Suzy & Baekhyun,Dream,2016,2016,January,24
Inkigayo,Suzy & Baekhyun,Dream,2016,2016,January,31
Inkigayo,GFriend,Rough,2016,2015,February,7
Inkigayo,Taeyeon,Rain,2016,2007,February,14
Inkigayo,GFriend,Rough,2016,2015,February,21
Inkigayo,GFriend,Rough,2016,2015,February,28
Inkigayo,Mamamoo,You're The Best,2016,2014,March,6
Inkigayo,Mamamoo,You're The Best,2016,2014,March,13
Inkigayo,Lee Hi,Breathe,2016,2012,March,20
Inkigayo,Red Velvet,One of These Nights,2016,2014,March,27
Inkigayo,GOT7,Fly,2016,2014,April,3
Inkigayo,Block B,A Few Years Later,2016,2011,April,10
Inkigayo,10cm,What the Spring??,2016,2010,April,17
Inkigayo,Block B,Toy,2016,2011,April,24
Inkigayo,Jung Eun Ji,Hopefully Sky,2016,2011,May,1
Inkigayo,Twice,Cheer Up,2016,2015,May,8
Inkigayo,BTS,Fire,2016,2013,May,15
Inkigayo,Twice,Cheer Up,2016,2015,May,22
Inkigayo,Twice,Cheer Up,2016,2015,May,29
Inkigayo,Baek A Yeon,So So,2016,2012,June,5
Inkigayo,EXID,L.I.E.,2016,2012,June,12
Inkigayo,EXO,Monster,2016,2012,June,19
Inkigayo,EXO,Monster,2016,2012,June,26
Inkigayo,Sistar,I Like That,2016,2010,July,3
Inkigayo,Taeyeon,Why,2016,2007,July,10
Inkigayo,Wonder Girls,Why So Lonely,2016,2007,July,17
Inkigayo,GFriend,Navillera,2016,2015,July,24
Inkigayo,GFriend,Navillera,2016,2015,July,31
Inkigayo,GFriend,Navillera,2016,2015,August,7
Inkigayo,Hyuna,How's This?,2016,2009,August,14
Inkigayo,Blackpink,Whistle,2016,2016,August,21
Inkigayo,EXO,Lotto,2016,2012,August,28
Inkigayo,EXO,Lotto,2016,2012,September,4
Inkigayo,Blackpink,Whistle,2016,2016,September,11
Inkigayo,Im Chang Jung,The Love That I Committed,2016,1995,September,18
Inkigayo,Red Velvet,Russian Routlette,2016,2014,September,5
Inkigayo,Infinite,The Eye,2016,2010,October,2
Inkigayo,GOT7,Hard Carry,2016,2014,October,9
Inkigayo,SHINee,1 of 1,2016,2008,October,16
Inkigayo,BTS,Blood Sweat & Tears,2016,2013,October,23
Inkigayo,I.O.I,Very Very Very,2016,2016,October,30
Inkigayo,Twice,TT,2016,2015,November,6
Inkigayo,Twice,TT,2016,2015,November,13
Inkigayo,Twice,TT,2016,2015,November,20
Inkigayo,Blackpink,Playing with Fire,2016,2016,November,7
Inkigayo,Blackpink,Playing with Fire,2016,2016,December,4
Inkigayo,Zico,Bermuda Triangle,2016,2011,December,11
Inkigayo,Heize,Star,2016,2014,December,18
Inkigayo,Big Bang,Fxxk It,2016,2006,December,25
Inkigayo,Big Bang,Fxxk It,2017,2006,January,1
Inkigayo,Big Bang,Fxxk It,2017,2006,January,8
Inkigayo,Shinhwa,Touch,2017,1998,January,15
Inkigayo,Shinhwa,Touch,2017,1998,January,22
Inkigayo,I.O.I,Downpour,2017,2016,January,29
Inkigayo,Dynamic Duo & Chen,Nosedive,2017,2017,February,5
Inkigayo,Red Velvet,Rookie,2017,2014,February,12
Inkigayo,Red Velvet,Rookie,2017,2014,February,19
Inkigayo,BTS,Spring Day,2017,2013,February,26
Inkigayo,Twice,Knock Knock,2017,2015,March,5
Inkigayo,Twice,Knock Knock,2017,2015,March,12
Inkigayo,Twice,Knock Knock,2017,2015,March,19
Inkigayo,Jung Key,Anymore,2017,2014,March,26
Inkigayo,Highlight,Plz Don't Be Sad,2017,2009,April,2
Inkigayo,IU,Through The Night,2017,2008,April,9
Inkigayo,Winner,Really Really,2017,2014,April,16
Inkigayo,Winner,Really Really,2017,2014,April,23
Inkigayo,IU,Palette,2017,2008,April,30
Inkigayo,IU,Palette,2017,2008,May,7
Inkigayo,IU,Palette,2017,2008,May,14
Inkigayo,Psy,I Luv It,2017,2001,May,21
Inkigayo,Twice,Signal,2017,2015,May,28
Inkigayo,Twice,Signal,2017,2015,June,4
Inkigayo,Twice,Signal,2017,2015,June,11
Inkigayo,G-Dragon,"Untitled, 2014",2017,2006,June,18
Inkigayo,G-Dragon,"Untitled, 2014",2017,2006,June,25
Inkigayo,Blackpink,As If It's Your Last,2017,2016,July,2
Inkigayo,Blackpink,As If It's Your Last,2017,2016,July,9
Inkigayo,Blackpink,As If It's Your Last,2017,2016,July,16
Inkigayo,Red Velvet,Red Flavor,2017,2014,July,23
Inkigayo,EXO,Ko Ko Bop,2017,2012,July,30
Inkigayo,EXO,Ko Ko Bop,2017,2012,August,6
Inkigayo,GFriend,Love Whisper,2017,2015,August,13
Inkigayo,Wanna One,Energetic,2017,2017,August,20
Inkigayo,Wanna One,Energetic,2017,2017,August,27
Inkigayo,Sunmi,Gashina,2017,2007,September,3
Inkigayo,Sunmi,Gashina,2017,2007,September,10
Inkigayo,EXO,Power,2017,2012,September,17
Inkigayo,Sunmi,Gashina,2017,2007,September,24
Inkigayo,BTS,DNA,2017,2013,October,1
Inkigayo,BTS,DNA,2017,2013,October,8
Inkigayo,BTS,DNA,2017,2013,October,15
Inkigayo,Bolbbalgan4,Some,2017,2016,October,22
Inkigayo,BTOB,Missing You,2017,2012,October,29
Inkigayo,BTOB,Missing You,2017,2012,November,5
Inkigayo,Twice,Likey,2017,2015,November,12
Inkigayo,Twice,Likey,2017,2015,November,19
Inkigayo,Twice,Likey,2017,2015,November,26
Inkigayo,Minseo,Yes,2017,2018,December,3
Inkigayo,Red Velvet,Peek A Boo,2017,2014,December,10
Inkigayo,Zion. T,Snow,2017,2011,December,17
Inkigayo,Twice,Heart Shaker,2017,2015,December,24
Inkigayo,Twice,Heart Shaker,2017,2015,December,31
Show Champion,F.T. Island,Severely,2012,2007,February,21
Show Champion,Miss A,Touch,2012,2010,February,28
Show Champion,Miss A,Touch,2012,2010,March,6
Show Champion,John Park,Falling ,2012,2010,March,13
Show Champion,2AM,I Wonder If You Hurt Like Me,2012,2008,March,20
Show Champion,SHINee,Sherlock (Clue + Note),2012,2008,March,27
Show Champion,SHINee,Sherlock (Clue + Note),2012,2008,April,3
Show Champion,CNBLUE,Hey You,2012,2009,April,10
Show Champion,4Minute,Volume Up,2012,2009,April,17
Show Champion,4Minute,Volume Up,2012,2009,April,24
Show Champion,Sistar,Alone,2012,2010,May,1
Show Champion,TTS,Twinkle,2012,2012,May,8
Show Champion,TTS,Twinkle,2012,2012,May,15
Show Champion,TTS,Twinkle,2012,2012,May,22
Show Champion,Infinite,The Chaser,2012,2012,June,5
Show Champion,Wonder Girls,Like This,2012,2007,June,12
Show Champion,Wonder Girls,Like This,2012,2007,June,19
Show Champion,F(x),Electric Shock,2012,2009,June,26
Show Champion,F(x),Electric Shock,2012,2009,July,3
Show Champion,Super Junior,"Sexy, Free & Single",2012,2005,July,10
Show Champion,Super Junior,"Sexy, Free & Single",2012,2005,July,17
Show Champion,Super Junior,"Sexy, Free & Single",2012,2005,July,24
Show Champion,BoA,Only One,2012,2000,August,14
Show Champion,Beast,Beautiful Night,2012,2009,August,21
Show Champion,Kara,Pandora,2012,2007,August,28
Show Champion,CNBLUE,I'm Sorry,2013,2009,January,30
Show Champion,CNBLUE,I'm Sorry,2013,2009,February,6
Show Champion,CNBLUE,I'm Sorry,2013,2009,February,13
Show Champion,Sistar19,Gone Not Around Any Longer,2013,2011,February,20
Show Champion,SHINee,Dream Girl,2013,2008,February,27
Show Champion,SHINee,Dream Girl,2013,2008,March,6
Show Champion,SHINee,Dream Girl,2013,2008,March,13
Show Champion,SHINee,Dream Girl,2013,2008,March,20
Show Champion,2AM,One Spring Day,2013,2008,March,27
Show Champion,Infinite,Man In Love ,2013,2010,April,3
Show Champion,Davichi,Turtle,2013,2008,April,10
Show Champion,K.Will,Love Blossom,2013,2007,April,17
Show Champion,K.Will,Love Blossom,2013,2007,April,24
Show Champion,Cho Yong Pil,Hello,2013,1968,May,1
Show Champion,4Minute,What's Your Name?,2013,2009,May,8
Show Champion,4Minute,What's Your Name?,2013,2009,May,15
Show Champion,4Minute,What's Your Name?,2013,2009,May,22
Show Champion,Shinhwa,This Love,2013,1998,May,29
Show Champion,Shinhwa,This Love,2013,1998,June,5
Show Champion,Lee Hyori,Bad Girls,2013,1998,June,12
Show Champion,EXO,Wolf,2013,2012,June,19
Show Champion,Sistar,Give It To Me,2013,2010,June,26
Show Champion,Dynamic Duo,BAAAM,2013,2004,July,10
Show Champion,Apink,No No No,2013,2011,July,17
Show Champion,Ailee,U & I,2013,2012,July,24
Show Champion,Infinite,Destiny,2013,2010,July,31
Show Champion,F(x),Rum Pum Pum Pum,2013,2009,August,7
Show Champion,EXO,Growl,2013,2012,August,21
Show Champion,EXO,Growl,2013,2012,August,28
Show Champion,EXO,Growl,2013,2012,September,4
Show Champion,Teen Top,Rocking,2013,2010,September,11
Show Champion,Kara,Damaged Lady,2013,2007,September,18
Show Champion,Kara,Damaged Lady,2013,2007,September,25
Show Champion,Busker Busker,"Love, at first",2013,2012,October,2
Show Champion,Busker Busker,"Love, at first",2013,2012,October,9
Show Champion,IU,The Red Shoes,2013,2008,October,16
Show Champion,SHINee,Everybody,2013,2008,October,23
Show Champion,SHINee,Everybody,2013,2008,October,30
Show Champion,Trouble Marker,Now,2013,2011,November,6
Show Champion,Miss A,Hush,2013,2010,November,13
Show Champion,Trouble Marker,Now,2013,2011,November,20
Show Champion,Hyolyn,One Way Love,2013,2010,December,4
Show Champion,EXO,Miracles in December,2013,2012,December,18
Show Champion,Girl's Day,Something,2014,2010,January,8
Show Champion,Ailee,Singing Got Better,2014,2012,January,15
Show Champion,B1A4,Lonely,2014,2011,January,22
Show Champion,B1A4,Lonely,2014,2011,January,29
Show Champion,B1A4,Lonely,2014,2011,February,5
Show Champion,B.A.P,1004 (Angel),2014,2012,February,12
Show Champion,Soyou & Junggigo,Some,2014,2010,February,19
Show Champion,CNBLUE,Can't Stop,2014,2009,March,5
Show Champion,Girls' Generation,Mr. Mr. ,2014,2007,March,12
Show Champion,Girls' Generation,Mr. Mr. ,2014,2007,March,19
Show Champion,Apink,Mr. Chu,2014,2011,April,9
Show Champion,Mad Clown,Without You ft. Hyolyn,2014,2008,April,16
Show Champion,EXO,Overdose,2014,2012,May,14
Show Champion,Wheesung,Night and Day,2014,2002,May,21
Show Champion,Infinite,Last Romeo,2014,2010,May,28
Show Champion,Infinite,Last Romeo,2014,2010,June,4
Show Champion,VIXX,Eternity,2014,2012,June,11
Show Champion,Beast,Good Luck,2014,2009,July,2
Show Champion,K.Will,Day 1,2014,2007,July,9
Show Champion,F(x),Red Light,2014,2009,July,16
Show Champion,B1A4,Solo Day,2014,2011,July,23
Show Champion,Girl's Day,Darling,2014,2010,July,30
Show Champion,Hyuna,Red,2014,2009,August,6
Show Champion,Hyuna,Red,2014,2009,August,13
Show Champion,Block B,H.E.R,2014,2011,August,20
Show Champion,Kara,Mamma Mia,2014,2007,August,27
Show Champion,Sistar,I Swear,2014,2010,September,3
Show Champion,Super Junior,Mamacita,2014,2005,September,10
Show Champion,Super Junior,Mamacita,2014,2005,September,17
Show Champion,Teen Top,Missing,2014,2010,September,24
Show Champion,Ailee,Don’t Touch Me,2014,2012,October,15
Show Champion,VIXX,Error,2014,2012,October,22
Show Champion,Beast,12:30,2014,2009,October,29
Show Champion,AOA,Like a Cat,2014,2012,November,19
Show Champion,Kyuhyun,At Gwanghwamun,2014,2005,November,26
Show Champion,Jonghyun,Deja Boo,2015,2008,January,21
Show Champion,Mad Clown,Fire,2015,2008,January,28
Show Champion,Jung Yonghwa,One Fine Day,2015,2009,February,4
Show Champion,Zion.T & Crush,Just,2015,2015,February,11
Show Champion,4Minute,Crazy,2015,2009,February,18
Show Champion,4Minute,Crazy,2015,2009,February,25
Show Champion,VIXX,Love Equation,2015,2012,March,4
Show Champion,Shinhwa,Sniper,2015,1998,March,11
Show Champion,Shinhwa,Sniper,2015,1999,March,18
Show Champion,Minah,I Am a Woman Too,2015,2010,March,25
Show Champion,Red Velvet,Ice Cream Cake,2015,2014,April,1
Show Champion,EXO,Call Me Baby,2015,2012,April,8
Show Champion,EXO,Call Me Baby,2015,2012,April,15
Show Champion,EXO,Call Me Baby,2015,2012,April,22
Show Champion,EXID,Ah Yeah,2015,2012,April,29
Show Champion,EXID,Ah Yeah,2015,2012,May,6
Show Champion,BTS,I Need U,2015,2013,May,13
Show Champion,Big Bang,Loser,2015,2006,May,20
Show Champion,SHINee,View,2015,2008,May,27
Show Champion,EXO,Love Me Right,2015,2012,June,10
Show Champion,EXO,Love Me Right,2015,2012,June,17
Show Champion,EXO,Love Me Right,2015,2012,June,24
Show Champion,AOA,Heart Attack,2015,2012,July,1
Show Champion,Sistar,Shake It,2015,2010,July,8
Show Champion,Girls' Generation,Party,2015,2007,July,15
Show Champion,Infinite,Bad,2015,2010,July,22
Show Champion,Apink,Remember,2015,2011,July,29
Show Champion,Beast,YeY,2015,2009,August,5
Show Champion,SHINee,Married to the Music,2015,2008,August,12
Show Champion,B1A4,Sweet Girl,2015,2011,August,19
Show Champion,Girls' Generation,Lion Heart,2015,2007,August,26
Show Champion,Red Velvet,Dumb Dumb,2015,2014,September,16
Show Champion,CNBLUE,Cinderella,2015,2009,September,23
Show Champion,Ailee,Mind Your Own Business,2015,2012,October,7
Show Champion,Taeyeon,I,2015,2007,October,14
Show Champion,BTOB,Way Back Home,2015,2012,October,21
Show Champion,VIXX,Chained Up,2015,2012,November,18
Show Champion,EXID,Hot Pink,2015,2012,November,25
Show Champion,Dynamic Duo,Jam,2015,2004,December,2
Show Champion,BTS,Run,2015,2013,December,9
Show Champion,BTS,Run,2015,2013,December,16
Show Champion,Crush,Don't Forget (ft. Taeyeon),2016,2014,January,27
Show Champion,GFriend,Rough,2016,2015,February,3
Show Champion,Winner,Sentimental,2016,2014,February,10
Show Champion,GFriend,Rough,2016,2015,February,17
Show Champion,GFriend,Rough,2016,2015,February,24
Show Champion,Taemin,Press Your Number,2016,2008,March,2
Show Champion,Mamamoo,You're The Best,2016,2014,March,9
Show Champion,Mamamoo,You're The Best,2016,2014,March,16
Show Champion,Red Velvet,One of These Nights,2016,2014,March,23
Show Champion,GOT7,Fly,2016,2014,March,30
Show Champion,BTOB,Remember That,2016,2012,April,6
Show Champion,CNBLUE,You're So Fine,2016,2009,April,13
Show Champion,Block B,Toy,2016,2011,April,20
Show Champion,VIXX,Dynamite,2016,2012,April,27
Show Champion,Seventeen,Pretty U,2016,2015,May,4
Show Champion,Tiffany,I Just Wanna Dance,2016,2007,May,11
Show Champion,AOA,Good Luck,2016,2012,May,18
Show Champion,Jonghyun,She Is,2016,2008,May,25
Show Champion,EXID,L.I.E.,2016,2012,June,1
Show Champion,EXO,Monster,2016,2012,June,8
Show Champion,Sistar,I Like That,2016,2010,June,22
Show Champion,Sistar,I Like That,2016,2010,June,29
Show Champion,Beast,Ribbon,2016,2009,July,6
Show Champion,GFriend,Navillera,2016,2015,July,13
Show Champion,GFriend,Navillera,2016,2015,July,20
Show Champion,I.O.I,Whatta Man,2016,2016,August,10
Show Champion,VIXX,Fantasy,2016,2012,August,17
Show Champion,EXO,Lotto,2016,2012,August,24
Show Champion,Red Velvet,Russian Routlette,2016,2014,August,31
Show Champion,Im Chang Jung,The Love That I Committed,2016,1990,September,21
Show Champion,BTS,Blood Sweat & Tears,2016,2013,September,28
Show Champion,I.O.I,Very Very Very,2016,2016,October,19
Show Champion,Twice,TT,2016,2015,October,26
Show Champion,VIXX,The Closer,2016,2012,November,2
Show Champion,Sejeong,Flower Way,2016,2016,November,9
Show Champion,B1A4,A Lie,2016,2011,December,14
Show Champion,Seventeen,Boom Boom,2016,2015,December,21
Show Champion,AOA,Excuse Me,2017,2012,January,18
Show Champion,AOA,Excuse Me,2017,2012,January,25
Show Champion,Red Velvet,Rookie,2017,2014,February,8
Show Champion,Red Velvet,Rookie,2017,2014,February,15
Show Champion,BTS,Spring Day,2017,2013,February,22
Show Champion,Twice,Knock Knock,2017,2015,March,1
Show Champion,Twice,Knock Knock,2017,2015,March,8
Show Champion,BTOB,Movie,2017,2012,March,15
Show Champion,GOT7,Never Ever,2017,2014,March,22
Show Champion,Highlight,Plz Don't Be Sad,2017,2009,March,29
Show Champion,Girl's Day,I'll Be Yours,2017,2010,April,5
Show Champion,IU,Through The Night,2017,2008,April,12
Show Champion,Jung Eun Ji,The Spring,2017,2011,April,19
Show Champion,EXID,Night Rather Than Day,2017,2012,April,26
Show Champion,IU,Palette,2017,2008,May,17
Show Champion,Twice,Signal,2017,2015,May,24
Show Champion,Twice,Signal,2017,2015,May,31
Show Champion,Seventeen,Don't Wanna Cry,2017,2015,June,7
Show Champion,Seventeen,Don't Wanna Cry,2017,2015,June,14
Show Champion,G-Dragon,"Untitled, 2014",2017,2006,June,21
Show Champion,Mamamoo,Yes I Am,2017,2014,June,28
Show Champion,Apink,Five,2017,2011,July,5
Show Champion,Apink,Five,2017,2011,July,12
Show Champion,Red Velvet,Red Flavor,2017,2014,July,19
Show Champion,EXO,Ko Ko Bop,2017,2012,July,26
Show Champion,EXO,Ko Ko Bop,2017,2012,August,2
Show Champion,GFriend,Love Whisper,2017,2015,August,9
Show Champion,Wanna One,Energetic,2017,2017,August,16
Show Champion,Wanna One,Energetic,2017,2017,August,23
Show Champion,Wanna One,Energetic,2017,2017,August,30
Show Champion,Sunmi,Gashina,2017,2007,September,6
Show Champion,EXO,Power,2017,2012,September,13
Show Champion,BTS,DNA,2017,2013,September,27
Show Champion,NU'EST W,Where You At,2017,2017,October,18
Show Champion,BTOB,Missing You,2017,2012,October,25
Show Champion,BTOB,Missing You,2017,2012,November,1
Show Champion,Twice,Likey,2017,2015,November,8
Show Champion,Seventeen,Clap,2017,2015,November,15
Show Champion,Wanna One,Beautiful,2017,2017,November,22
,,,,,,
